"cell_key","area","slug","product_name","region","source","official_url","prior_reason","fill_status","verified_url","verified_at"
"otter-ai:capterra","01-meeting-notes","otter-ai","Otter.ai","global","capterra","https://otter.ai/","WebSearch 세션 한도(200회)가 이 작업 시작 시점에 이미 소진돼 첫 호출부터 거부됨 + capterra.com·trustradius.com 직접 접속 403(Cloudflare, 2026-10-05 curl·WebFetch 실측) + DuckDuckGo HTML 검색은 봇 확","unverified","",""
"otter-ai:trustradius","01-meeting-notes","otter-ai","Otter.ai","global","trustradius","https://otter.ai/","WebSearch 세션 한도(200회)가 이 작업 시작 시점에 이미 소진돼 첫 호출부터 거부됨 + capterra.com·trustradius.com 직접 접속 403(Cloudflare, 2026-10-05 curl·WebFetch 실측) + DuckDuckGo HTML 검색은 봇 확","unverified","",""
"fireflies-ai:capterra","01-meeting-notes","fireflies-ai","Fireflies.ai","global","capterra","https://fireflies.ai/","WebSearch 세션 한도(200회)가 이 작업 시작 시점에 이미 소진돼 첫 호출부터 거부됨 + capterra.com·trustradius.com 직접 접속 403(Cloudflare, 2026-10-05 curl·WebFetch 실측) + DuckDuckGo HTML 검색은 봇 확","unverified","",""
"fireflies-ai:trustradius","01-meeting-notes","fireflies-ai","Fireflies.ai","global","trustradius","https://fireflies.ai/","WebSearch 세션 한도(200회)가 이 작업 시작 시점에 이미 소진돼 첫 호출부터 거부됨 + capterra.com·trustradius.com 직접 접속 403(Cloudflare, 2026-10-05 curl·WebFetch 실측) + DuckDuckGo HTML 검색은 봇 확","unverified","",""
"fathom:capterra","01-meeting-notes","fathom","Fathom","global","capterra","https://www.fathom.ai/","WebSearch 세션 한도(200회)가 이 작업 시작 시점에 이미 소진돼 첫 호출부터 거부됨 + capterra.com·trustradius.com 직접 접속 403(Cloudflare, 2026-10-05 curl·WebFetch 실측) + DuckDuckGo HTML 검색은 봇 확","unverified","",""
"fathom:trustradius","01-meeting-notes","fathom","Fathom","global","trustradius","https://www.fathom.ai/","WebSearch 세션 한도(200회)가 이 작업 시작 시점에 이미 소진돼 첫 호출부터 거부됨 + capterra.com·trustradius.com 직접 접속 403(Cloudflare, 2026-10-05 curl·WebFetch 실측) + DuckDuckGo HTML 검색은 봇 확","unverified","",""
"tldv:capterra","01-meeting-notes","tldv","tl;dv","global","capterra","https://tldv.io/","WebSearch 세션 한도(200회)가 이 작업 시작 시점에 이미 소진돼 첫 호출부터 거부됨 + capterra.com·trustradius.com 직접 접속 403(Cloudflare, 2026-10-05 curl·WebFetch 실측) + DuckDuckGo HTML 검색은 봇 확","unverified","",""
"tldv:trustradius","01-meeting-notes","tldv","tl;dv","global","trustradius","https://tldv.io/","WebSearch 세션 한도(200회)가 이 작업 시작 시점에 이미 소진돼 첫 호출부터 거부됨 + capterra.com·trustradius.com 직접 접속 403(Cloudflare, 2026-10-05 curl·WebFetch 실측) + DuckDuckGo HTML 검색은 봇 확","unverified","",""
"krisp:capterra","01-meeting-notes","krisp","Krisp","global","capterra","https://krisp.ai/","WebSearch 세션 한도(200회)가 이 작업 시작 시점에 이미 소진돼 첫 호출부터 거부됨 + capterra.com·trustradius.com 직접 접속 403(Cloudflare, 2026-10-05 curl·WebFetch 실측) + DuckDuckGo HTML 검색은 봇 확","unverified","",""
"krisp:trustradius","01-meeting-notes","krisp","Krisp","global","trustradius","https://krisp.ai/","WebSearch 세션 한도(200회)가 이 작업 시작 시점에 이미 소진돼 첫 호출부터 거부됨 + capterra.com·trustradius.com 직접 접속 403(Cloudflare, 2026-10-05 curl·WebFetch 실측) + DuckDuckGo HTML 검색은 봇 확","unverified","",""
"read-ai:capterra","01-meeting-notes","read-ai","Read AI","global","capterra","https://www.read.ai/","WebSearch 세션 한도(200회)가 이 작업 시작 시점에 이미 소진돼 첫 호출부터 거부됨 + capterra.com·trustradius.com 직접 접속 403(Cloudflare, 2026-10-05 curl·WebFetch 실측) + DuckDuckGo HTML 검색은 봇 확","unverified","",""
"read-ai:trustradius","01-meeting-notes","read-ai","Read AI","global","trustradius","https://www.read.ai/","WebSearch 세션 한도(200회)가 이 작업 시작 시점에 이미 소진돼 첫 호출부터 거부됨 + capterra.com·trustradius.com 직접 접속 403(Cloudflare, 2026-10-05 curl·WebFetch 실측) + DuckDuckGo HTML 검색은 봇 확","unverified","",""
"granola:capterra","01-meeting-notes","granola","Granola","global","capterra","https://www.granola.ai/","WebSearch 세션 한도(200회)가 이 작업 시작 시점에 이미 소진돼 첫 호출부터 거부됨 + capterra.com·trustradius.com 직접 접속 403(Cloudflare, 2026-10-05 curl·WebFetch 실측) + DuckDuckGo HTML 검색은 봇 확","unverified","",""
"granola:trustradius","01-meeting-notes","granola","Granola","global","trustradius","https://www.granola.ai/","WebSearch 세션 한도(200회)가 이 작업 시작 시점에 이미 소진돼 첫 호출부터 거부됨 + capterra.com·trustradius.com 직접 접속 403(Cloudflare, 2026-10-05 curl·WebFetch 실측) + DuckDuckGo HTML 검색은 봇 확","unverified","",""
"avoma:capterra","01-meeting-notes","avoma","Avoma","global","capterra","https://www.avoma.com/","WebSearch 세션 한도(200회)가 이 작업 시작 시점에 이미 소진돼 첫 호출부터 거부됨 + capterra.com·trustradius.com 직접 접속 403(Cloudflare, 2026-10-05 curl·WebFetch 실측) + DuckDuckGo HTML 검색은 봇 확","unverified","",""
"avoma:trustradius","01-meeting-notes","avoma","Avoma","global","trustradius","https://www.avoma.com/","WebSearch 세션 한도(200회)가 이 작업 시작 시점에 이미 소진돼 첫 호출부터 거부됨 + capterra.com·trustradius.com 직접 접속 403(Cloudflare, 2026-10-05 curl·WebFetch 실측) + DuckDuckGo HTML 검색은 봇 확","unverified","",""
"fellow:capterra","01-meeting-notes","fellow","Fellow","global","capterra","https://fellow.ai/","WebSearch 세션 한도(200회)가 이 작업 시작 시점에 이미 소진돼 첫 호출부터 거부됨 + capterra.com·trustradius.com 직접 접속 403(Cloudflare, 2026-10-05 curl·WebFetch 실측) + DuckDuckGo HTML 검색은 봇 확","unverified","",""
"fellow:trustradius","01-meeting-notes","fellow","Fellow","global","trustradius","https://fellow.ai/","WebSearch 세션 한도(200회)가 이 작업 시작 시점에 이미 소진돼 첫 호출부터 거부됨 + capterra.com·trustradius.com 직접 접속 403(Cloudflare, 2026-10-05 curl·WebFetch 실측) + DuckDuckGo HTML 검색은 봇 확","unverified","",""
"meetgeek:capterra","01-meeting-notes","meetgeek","MeetGeek","global","capterra","https://meetgeek.ai/","WebSearch 세션 한도(200회)가 이 작업 시작 시점에 이미 소진돼 첫 호출부터 거부됨 + capterra.com·trustradius.com 직접 접속 403(Cloudflare, 2026-10-05 curl·WebFetch 실측) + DuckDuckGo HTML 검색은 봇 확","unverified","",""
"meetgeek:trustradius","01-meeting-notes","meetgeek","MeetGeek","global","trustradius","https://meetgeek.ai/","WebSearch 세션 한도(200회)가 이 작업 시작 시점에 이미 소진돼 첫 호출부터 거부됨 + capterra.com·trustradius.com 직접 접속 403(Cloudflare, 2026-10-05 curl·WebFetch 실측) + DuckDuckGo HTML 검색은 봇 확","unverified","",""
"sembly-ai:capterra","01-meeting-notes","sembly-ai","Sembly AI","global","capterra","https://www.sembly.ai/","WebSearch 세션 한도(200회)가 이 작업 시작 시점에 이미 소진돼 첫 호출부터 거부됨 + capterra.com·trustradius.com 직접 접속 403(Cloudflare, 2026-10-05 curl·WebFetch 실측) + DuckDuckGo HTML 검색은 봇 확","unverified","",""
"sembly-ai:trustradius","01-meeting-notes","sembly-ai","Sembly AI","global","trustradius","https://www.sembly.ai/","WebSearch 세션 한도(200회)가 이 작업 시작 시점에 이미 소진돼 첫 호출부터 거부됨 + capterra.com·trustradius.com 직접 접속 403(Cloudflare, 2026-10-05 curl·WebFetch 실측) + DuckDuckGo HTML 검색은 봇 확","unverified","",""
"notta:capterra","01-meeting-notes","notta","Notta","global","capterra","https://www.notta.ai/","WebSearch 세션 한도(200회)가 이 작업 시작 시점에 이미 소진돼 첫 호출부터 거부됨 + capterra.com·trustradius.com 직접 접속 403(Cloudflare, 2026-10-05 curl·WebFetch 실측) + DuckDuckGo HTML 검색은 봇 확","unverified","",""
"notta:trustradius","01-meeting-notes","notta","Notta","global","trustradius","https://www.notta.ai/","WebSearch 세션 한도(200회)가 이 작업 시작 시점에 이미 소진돼 첫 호출부터 거부됨 + capterra.com·trustradius.com 직접 접속 403(Cloudflare, 2026-10-05 curl·WebFetch 실측) + DuckDuckGo HTML 검색은 봇 확","unverified","",""
"supernormal:capterra","01-meeting-notes","supernormal","Supernormal","global","capterra","https://www.supernormal.com/","WebSearch 세션 한도(200회)가 이 작업 시작 시점에 이미 소진돼 첫 호출부터 거부됨 + capterra.com·trustradius.com 직접 접속 403(Cloudflare, 2026-10-05 curl·WebFetch 실측) + DuckDuckGo HTML 검색은 봇 확","unverified","",""
"supernormal:trustradius","01-meeting-notes","supernormal","Supernormal","global","trustradius","https://www.supernormal.com/","WebSearch 세션 한도(200회)가 이 작업 시작 시점에 이미 소진돼 첫 호출부터 거부됨 + capterra.com·trustradius.com 직접 접속 403(Cloudflare, 2026-10-05 curl·WebFetch 실측) + DuckDuckGo HTML 검색은 봇 확","unverified","",""
"tactiq:capterra","01-meeting-notes","tactiq","Tactiq","global","capterra","https://tactiq.io/","WebSearch 세션 한도(200회)가 이 작업 시작 시점에 이미 소진돼 첫 호출부터 거부됨 + capterra.com·trustradius.com 직접 접속 403(Cloudflare, 2026-10-05 curl·WebFetch 실측) + DuckDuckGo HTML 검색은 봇 확","unverified","",""
"tactiq:trustradius","01-meeting-notes","tactiq","Tactiq","global","trustradius","https://tactiq.io/","WebSearch 세션 한도(200회)가 이 작업 시작 시점에 이미 소진돼 첫 호출부터 거부됨 + capterra.com·trustradius.com 직접 접속 403(Cloudflare, 2026-10-05 curl·WebFetch 실측) + DuckDuckGo HTML 검색은 봇 확","unverified","",""
"bluedot:capterra","01-meeting-notes","bluedot","Bluedot","global","capterra","https://www.bluedothq.com/","WebSearch 세션 한도(200회)가 이 작업 시작 시점에 이미 소진돼 첫 호출부터 거부됨 + capterra.com·trustradius.com 직접 접속 403(Cloudflare, 2026-10-05 curl·WebFetch 실측) + DuckDuckGo HTML 검색은 봇 확","unverified","",""
"bluedot:trustradius","01-meeting-notes","bluedot","Bluedot","global","trustradius","https://www.bluedothq.com/","WebSearch 세션 한도(200회)가 이 작업 시작 시점에 이미 소진돼 첫 호출부터 거부됨 + capterra.com·trustradius.com 직접 접속 403(Cloudflare, 2026-10-05 curl·WebFetch 실측) + DuckDuckGo HTML 검색은 봇 확","unverified","",""
"jamie:capterra","01-meeting-notes","jamie","Jamie","global","capterra","https://www.meetjamie.ai/","WebSearch 세션 한도(200회)가 이 작업 시작 시점에 이미 소진돼 첫 호출부터 거부됨 + capterra.com·trustradius.com 직접 접속 403(Cloudflare, 2026-10-05 curl·WebFetch 실측) + DuckDuckGo HTML 검색은 봇 확","unverified","",""
"jamie:trustradius","01-meeting-notes","jamie","Jamie","global","trustradius","https://www.meetjamie.ai/","WebSearch 세션 한도(200회)가 이 작업 시작 시점에 이미 소진돼 첫 호출부터 거부됨 + capterra.com·trustradius.com 직접 접속 403(Cloudflare, 2026-10-05 curl·WebFetch 실측) + DuckDuckGo HTML 검색은 봇 확","unverified","",""
"plaud:capterra","01-meeting-notes","plaud","Plaud","global","capterra","https://www.plaud.ai/","WebSearch 세션 한도(200회)가 이 작업 시작 시점에 이미 소진돼 첫 호출부터 거부됨 + capterra.com·trustradius.com 직접 접속 403(Cloudflare, 2026-10-05 curl·WebFetch 실측) + DuckDuckGo HTML 검색은 봇 확","unverified","",""
"plaud:trustradius","01-meeting-notes","plaud","Plaud","global","trustradius","https://www.plaud.ai/","WebSearch 세션 한도(200회)가 이 작업 시작 시점에 이미 소진돼 첫 호출부터 거부됨 + capterra.com·trustradius.com 직접 접속 403(Cloudflare, 2026-10-05 curl·WebFetch 실측) + DuckDuckGo HTML 검색은 봇 확","unverified","",""
"circleback:capterra","01-meeting-notes","circleback","Circleback","global","capterra","https://circleback.ai/","WebSearch 세션 한도(200회)가 이 작업 시작 시점에 이미 소진돼 첫 호출부터 거부됨 + capterra.com·trustradius.com 직접 접속 403(Cloudflare, 2026-10-05 curl·WebFetch 실측) + DuckDuckGo HTML 검색은 봇 확","unverified","",""
"circleback:trustradius","01-meeting-notes","circleback","Circleback","global","trustradius","https://circleback.ai/","WebSearch 세션 한도(200회)가 이 작업 시작 시점에 이미 소진돼 첫 호출부터 거부됨 + capterra.com·trustradius.com 직접 접속 403(Cloudflare, 2026-10-05 curl·WebFetch 실측) + DuckDuckGo HTML 검색은 봇 확","unverified","",""
"rev:capterra","01-meeting-notes","rev","Rev","global","capterra","https://www.rev.com/","WebSearch 세션 한도(200회)가 이 작업 시작 시점에 이미 소진돼 첫 호출부터 거부됨 + capterra.com·trustradius.com 직접 접속 403(Cloudflare, 2026-10-05 curl·WebFetch 실측) + DuckDuckGo HTML 검색은 봇 확","unverified","",""
"rev:trustradius","01-meeting-notes","rev","Rev","global","trustradius","https://www.rev.com/","WebSearch 세션 한도(200회)가 이 작업 시작 시점에 이미 소진돼 첫 호출부터 거부됨 + capterra.com·trustradius.com 직접 접속 403(Cloudflare, 2026-10-05 curl·WebFetch 실측) + DuckDuckGo HTML 검색은 봇 확","unverified","",""
"grain:capterra","01-meeting-notes","grain","Grain","global","capterra","https://grain.com/","WebSearch 세션 한도(200회)가 이 작업 시작 시점에 이미 소진돼 첫 호출부터 거부됨 + capterra.com·trustradius.com 직접 접속 403(Cloudflare, 2026-10-05 curl·WebFetch 실측) + DuckDuckGo HTML 검색은 봇 확","unverified","",""
"grain:trustradius","01-meeting-notes","grain","Grain","global","trustradius","https://grain.com/","WebSearch 세션 한도(200회)가 이 작업 시작 시점에 이미 소진돼 첫 호출부터 거부됨 + capterra.com·trustradius.com 직접 접속 403(Cloudflare, 2026-10-05 curl·WebFetch 실측) + DuckDuckGo HTML 검색은 봇 확","unverified","",""
"clova-note:capterra","01-meeting-notes","clova-note","CLOVA Note","kr","capterra","https://clovanote.naver.com/","WebSearch 세션 한도(200회)가 이 작업 시작 시점에 이미 소진돼 첫 호출부터 거부됨 + capterra.com·trustradius.com 직접 접속 403(Cloudflare, 2026-10-05 curl·WebFetch 실측) + DuckDuckGo HTML 검색은 봇 확","unverified","",""
"clova-note:trustradius","01-meeting-notes","clova-note","CLOVA Note","kr","trustradius","https://clovanote.naver.com/","WebSearch 세션 한도(200회)가 이 작업 시작 시점에 이미 소진돼 첫 호출부터 거부됨 + capterra.com·trustradius.com 직접 접속 403(Cloudflare, 2026-10-05 curl·WebFetch 실측) + DuckDuckGo HTML 검색은 봇 확","unverified","",""
"daglo:capterra","01-meeting-notes","daglo","daglo","kr","capterra","https://daglo.ai/","WebSearch 세션 한도(200회)가 이 작업 시작 시점에 이미 소진돼 첫 호출부터 거부됨 + capterra.com·trustradius.com 직접 접속 403(Cloudflare, 2026-10-05 curl·WebFetch 실측) + DuckDuckGo HTML 검색은 봇 확","unverified","",""
"daglo:trustradius","01-meeting-notes","daglo","daglo","kr","trustradius","https://daglo.ai/","WebSearch 세션 한도(200회)가 이 작업 시작 시점에 이미 소진돼 첫 호출부터 거부됨 + capterra.com·trustradius.com 직접 접속 403(Cloudflare, 2026-10-05 curl·WebFetch 실측) + DuckDuckGo HTML 검색은 봇 확","unverified","",""
"tiro:capterra","01-meeting-notes","tiro","Tiro","kr","capterra","https://tiro.ooo/","WebSearch 세션 한도(200회)가 이 작업 시작 시점에 이미 소진돼 첫 호출부터 거부됨 + capterra.com·trustradius.com 직접 접속 403(Cloudflare, 2026-10-05 curl·WebFetch 실측) + DuckDuckGo HTML 검색은 봇 확","unverified","",""
"tiro:trustradius","01-meeting-notes","tiro","Tiro","kr","trustradius","https://tiro.ooo/","WebSearch 세션 한도(200회)가 이 작업 시작 시점에 이미 소진돼 첫 호출부터 거부됨 + capterra.com·trustradius.com 직접 접속 403(Cloudflare, 2026-10-05 curl·WebFetch 실측) + DuckDuckGo HTML 검색은 봇 확","unverified","",""
"vito:capterra","01-meeting-notes","vito","VITO","kr","capterra","https://www.vito.ai/","WebSearch 세션 한도(200회)가 이 작업 시작 시점에 이미 소진돼 첫 호출부터 거부됨 + capterra.com·trustradius.com 직접 접속 403(Cloudflare, 2026-10-05 curl·WebFetch 실측) + DuckDuckGo HTML 검색은 봇 확","unverified","",""
"vito:trustradius","01-meeting-notes","vito","VITO","kr","trustradius","https://www.vito.ai/","WebSearch 세션 한도(200회)가 이 작업 시작 시점에 이미 소진돼 첫 호출부터 거부됨 + capterra.com·trustradius.com 직접 접속 403(Cloudflare, 2026-10-05 curl·WebFetch 실측) + DuckDuckGo HTML 검색은 봇 확","unverified","",""
"callabo:capterra","01-meeting-notes","callabo","Callabo","kr","capterra","https://callabo.ai/","WebSearch 세션 한도(200회)가 이 작업 시작 시점에 이미 소진돼 첫 호출부터 거부됨 + capterra.com·trustradius.com 직접 접속 403(Cloudflare, 2026-10-05 curl·WebFetch 실측) + DuckDuckGo HTML 검색은 봇 확","unverified","",""
"callabo:trustradius","01-meeting-notes","callabo","Callabo","kr","trustradius","https://callabo.ai/","WebSearch 세션 한도(200회)가 이 작업 시작 시점에 이미 소진돼 첫 호출부터 거부됨 + capterra.com·trustradius.com 직접 접속 403(Cloudflare, 2026-10-05 curl·WebFetch 실측) + DuckDuckGo HTML 검색은 봇 확","unverified","",""
"adot:capterra","01-meeting-notes","adot","A. (에이닷)","kr","capterra","https://adot.ai/","WebSearch 세션 한도(200회)가 이 작업 시작 시점에 이미 소진돼 첫 호출부터 거부됨 + capterra.com·trustradius.com 직접 접속 403(Cloudflare, 2026-10-05 curl·WebFetch 실측) + DuckDuckGo HTML 검색은 봇 확","unverified","",""
"adot:trustradius","01-meeting-notes","adot","A. (에이닷)","kr","trustradius","https://adot.ai/","WebSearch 세션 한도(200회)가 이 작업 시작 시점에 이미 소진돼 첫 호출부터 거부됨 + capterra.com·trustradius.com 직접 접속 403(Cloudflare, 2026-10-05 curl·WebFetch 실측) + DuckDuckGo HTML 검색은 봇 확","unverified","",""
"ixio:capterra","01-meeting-notes","ixio","ixi-O","kr","capterra","https://ixi-o.com/","WebSearch 세션 한도(200회)가 이 작업 시작 시점에 이미 소진돼 첫 호출부터 거부됨 + capterra.com·trustradius.com 직접 접속 403(Cloudflare, 2026-10-05 curl·WebFetch 실측) + DuckDuckGo HTML 검색은 봇 확","unverified","",""
"ixio:trustradius","01-meeting-notes","ixio","ixi-O","kr","trustradius","https://ixi-o.com/","WebSearch 세션 한도(200회)가 이 작업 시작 시점에 이미 소진돼 첫 호출부터 거부됨 + capterra.com·trustradius.com 직접 접속 403(Cloudflare, 2026-10-05 curl·WebFetch 실측) + DuckDuckGo HTML 검색은 봇 확","unverified","",""
"remember-note:capterra","01-meeting-notes","remember-note","Remember Note","kr","capterra","https://note.rememberapp.co.kr/","WebSearch 세션 한도(200회)가 이 작업 시작 시점에 이미 소진돼 첫 호출부터 거부됨 + capterra.com·trustradius.com 직접 접속 403(Cloudflare, 2026-10-05 curl·WebFetch 실측) + DuckDuckGo HTML 검색은 봇 확","unverified","",""
"remember-note:trustradius","01-meeting-notes","remember-note","Remember Note","kr","trustradius","https://note.rememberapp.co.kr/","WebSearch 세션 한도(200회)가 이 작업 시작 시점에 이미 소진돼 첫 호출부터 거부됨 + capterra.com·trustradius.com 직접 접속 403(Cloudflare, 2026-10-05 curl·WebFetch 실측) + DuckDuckGo HTML 검색은 봇 확","unverified","",""
"hoirock:capterra","01-meeting-notes","hoirock","Hoirock","kr","capterra","https://hoirock.com/","WebSearch 세션 한도(200회)가 이 작업 시작 시점에 이미 소진돼 첫 호출부터 거부됨 + capterra.com·trustradius.com 직접 접속 403(Cloudflare, 2026-10-05 curl·WebFetch 실측) + DuckDuckGo HTML 검색은 봇 확","unverified","",""
"hoirock:trustradius","01-meeting-notes","hoirock","Hoirock","kr","trustradius","https://hoirock.com/","WebSearch 세션 한도(200회)가 이 작업 시작 시점에 이미 소진돼 첫 호출부터 거부됨 + capterra.com·trustradius.com 직접 접속 403(Cloudflare, 2026-10-05 curl·WebFetch 실측) + DuckDuckGo HTML 검색은 봇 확","unverified","",""
"meeting-os:appstore","01-meeting-notes","meeting-os","Meeting OS","kr","appstore","https://ai-meeting-os-jry3.vercel.app/","iTunes 'AI 회의록 Meeting OS'(id6809749319) 판매자가 개인(Hyunbin Shon)이라 Play 개발사 상상연구소와 같은 주체인지 확인 못 함","unverified","",""
"meeting-os:capterra","01-meeting-notes","meeting-os","Meeting OS","kr","capterra","https://ai-meeting-os-jry3.vercel.app/","WebSearch 세션 한도(200회)가 이 작업 시작 시점에 이미 소진돼 첫 호출부터 거부됨 + capterra.com·trustradius.com 직접 접속 403(Cloudflare, 2026-10-05 curl·WebFetch 실측) + DuckDuckGo HTML 검색은 봇 확","unverified","",""
"meeting-os:trustradius","01-meeting-notes","meeting-os","Meeting OS","kr","trustradius","https://ai-meeting-os-jry3.vercel.app/","WebSearch 세션 한도(200회)가 이 작업 시작 시점에 이미 소진돼 첫 호출부터 거부됨 + capterra.com·trustradius.com 직접 접속 403(Cloudflare, 2026-10-05 curl·WebFetch 실측) + DuckDuckGo HTML 검색은 봇 확","unverified","",""
"callog:capterra","01-meeting-notes","callog","Callog","kr","capterra","https://callog.azensoft.kr/","WebSearch 세션 한도(200회)가 이 작업 시작 시점에 이미 소진돼 첫 호출부터 거부됨 + capterra.com·trustradius.com 직접 접속 403(Cloudflare, 2026-10-05 curl·WebFetch 실측) + DuckDuckGo HTML 검색은 봇 확","unverified","",""
"callog:trustradius","01-meeting-notes","callog","Callog","kr","trustradius","https://callog.azensoft.kr/","WebSearch 세션 한도(200회)가 이 작업 시작 시점에 이미 소진돼 첫 호출부터 거부됨 + capterra.com·trustradius.com 직접 접속 403(Cloudflare, 2026-10-05 curl·WebFetch 실측) + DuckDuckGo HTML 검색은 봇 확","unverified","",""
"intercom-fin:capterra","02-cs-agent","intercom-fin","Intercom Fin","global","capterra","https://fin.ai/","WebSearch 세션 한도(200회)가 이 작업 시작 시점에 이미 소진돼 첫 호출부터 거부됨 + capterra.com·trustradius.com 직접 접속 403(Cloudflare, 2026-10-05 curl·WebFetch 실측) + DuckDuckGo HTML 검색은 봇 확","unverified","",""
"intercom-fin:trustradius","02-cs-agent","intercom-fin","Intercom Fin","global","trustradius","https://fin.ai/","WebSearch 세션 한도(200회)가 이 작업 시작 시점에 이미 소진돼 첫 호출부터 거부됨 + capterra.com·trustradius.com 직접 접속 403(Cloudflare, 2026-10-05 curl·WebFetch 실측) + DuckDuckGo HTML 검색은 봇 확","unverified","",""
"zendesk-ai:capterra","02-cs-agent","zendesk-ai","Zendesk","global","capterra","https://www.zendesk.com/","WebSearch 세션 한도(200회)가 이 작업 시작 시점에 이미 소진돼 첫 호출부터 거부됨 + capterra.com·trustradius.com 직접 접속 403(Cloudflare, 2026-10-05 curl·WebFetch 실측) + DuckDuckGo HTML 검색은 봇 확","unverified","",""
"zendesk-ai:trustradius","02-cs-agent","zendesk-ai","Zendesk","global","trustradius","https://www.zendesk.com/","WebSearch 세션 한도(200회)가 이 작업 시작 시점에 이미 소진돼 첫 호출부터 거부됨 + capterra.com·trustradius.com 직접 접속 403(Cloudflare, 2026-10-05 curl·WebFetch 실측) + DuckDuckGo HTML 검색은 봇 확","unverified","",""
"ada:capterra","02-cs-agent","ada","Ada","global","capterra","https://www.ada.cx/","WebSearch 세션 한도(200회)가 이 작업 시작 시점에 이미 소진돼 첫 호출부터 거부됨 + capterra.com·trustradius.com 직접 접속 403(Cloudflare, 2026-10-05 curl·WebFetch 실측) + DuckDuckGo HTML 검색은 봇 확","unverified","",""
"ada:trustradius","02-cs-agent","ada","Ada","global","trustradius","https://www.ada.cx/","WebSearch 세션 한도(200회)가 이 작업 시작 시점에 이미 소진돼 첫 호출부터 거부됨 + capterra.com·trustradius.com 직접 접속 403(Cloudflare, 2026-10-05 curl·WebFetch 실측) + DuckDuckGo HTML 검색은 봇 확","unverified","",""
"sierra:capterra","02-cs-agent","sierra","Sierra","global","capterra","https://sierra.ai/","WebSearch 세션 한도(200회)가 이 작업 시작 시점에 이미 소진돼 첫 호출부터 거부됨 + capterra.com·trustradius.com 직접 접속 403(Cloudflare, 2026-10-05 curl·WebFetch 실측) + DuckDuckGo HTML 검색은 봇 확","unverified","",""
"sierra:trustradius","02-cs-agent","sierra","Sierra","global","trustradius","https://sierra.ai/","WebSearch 세션 한도(200회)가 이 작업 시작 시점에 이미 소진돼 첫 호출부터 거부됨 + capterra.com·trustradius.com 직접 접속 403(Cloudflare, 2026-10-05 curl·WebFetch 실측) + DuckDuckGo HTML 검색은 봇 확","unverified","",""
"decagon:capterra","02-cs-agent","decagon","Decagon","global","capterra","https://decagon.ai/","WebSearch 세션 한도(200회)가 이 작업 시작 시점에 이미 소진돼 첫 호출부터 거부됨 + capterra.com·trustradius.com 직접 접속 403(Cloudflare, 2026-10-05 curl·WebFetch 실측) + DuckDuckGo HTML 검색은 봇 확","unverified","",""
"decagon:trustradius","02-cs-agent","decagon","Decagon","global","trustradius","https://decagon.ai/","WebSearch 세션 한도(200회)가 이 작업 시작 시점에 이미 소진돼 첫 호출부터 거부됨 + capterra.com·trustradius.com 직접 접속 403(Cloudflare, 2026-10-05 curl·WebFetch 실측) + DuckDuckGo HTML 검색은 봇 확","unverified","",""
"forethought:capterra","02-cs-agent","forethought","Forethought","global","capterra","https://forethought.ai/","WebSearch 세션 한도(200회)가 이 작업 시작 시점에 이미 소진돼 첫 호출부터 거부됨 + capterra.com·trustradius.com 직접 접속 403(Cloudflare, 2026-10-05 curl·WebFetch 실측) + DuckDuckGo HTML 검색은 봇 확","unverified","",""
"forethought:trustradius","02-cs-agent","forethought","Forethought","global","trustradius","https://forethought.ai/","WebSearch 세션 한도(200회)가 이 작업 시작 시점에 이미 소진돼 첫 호출부터 거부됨 + capterra.com·trustradius.com 직접 접속 403(Cloudflare, 2026-10-05 curl·WebFetch 실측) + DuckDuckGo HTML 검색은 봇 확","unverified","",""
"freshdesk:capterra","02-cs-agent","freshdesk","Freshdesk","global","capterra","https://www.freshworks.com/freshdesk/","WebSearch 세션 한도(200회)가 이 작업 시작 시점에 이미 소진돼 첫 호출부터 거부됨 + capterra.com·trustradius.com 직접 접속 403(Cloudflare, 2026-10-05 curl·WebFetch 실측) + DuckDuckGo HTML 검색은 봇 확","unverified","",""
"freshdesk:trustradius","02-cs-agent","freshdesk","Freshdesk","global","trustradius","https://www.freshworks.com/freshdesk/","WebSearch 세션 한도(200회)가 이 작업 시작 시점에 이미 소진돼 첫 호출부터 거부됨 + capterra.com·trustradius.com 직접 접속 403(Cloudflare, 2026-10-05 curl·WebFetch 실측) + DuckDuckGo HTML 검색은 봇 확","unverified","",""
"kore-ai:capterra","02-cs-agent","kore-ai","Kore.ai","global","capterra","https://www.kore.ai/","WebSearch 세션 한도(200회)가 이 작업 시작 시점에 이미 소진돼 첫 호출부터 거부됨 + capterra.com·trustradius.com 직접 접속 403(Cloudflare, 2026-10-05 curl·WebFetch 실측) + DuckDuckGo HTML 검색은 봇 확","unverified","",""
"kore-ai:trustradius","02-cs-agent","kore-ai","Kore.ai","global","trustradius","https://www.kore.ai/","WebSearch 세션 한도(200회)가 이 작업 시작 시점에 이미 소진돼 첫 호출부터 거부됨 + capterra.com·trustradius.com 직접 접속 403(Cloudflare, 2026-10-05 curl·WebFetch 실측) + DuckDuckGo HTML 검색은 봇 확","unverified","",""
"yellow-ai:appstore","02-cs-agent","yellow-ai","Yellow.ai","global","appstore","https://yellow.ai/","iTunes 'Yellow.ai' — 'YellowAI Partner'(id1612610646)가 있으나 판매자가 개인(Priyank Upadhyay)이라 회사 앱인지 확인 못 함","unverified","",""
"yellow-ai:capterra","02-cs-agent","yellow-ai","Yellow.ai","global","capterra","https://yellow.ai/","WebSearch 세션 한도(200회)가 이 작업 시작 시점에 이미 소진돼 첫 호출부터 거부됨 + capterra.com·trustradius.com 직접 접속 403(Cloudflare, 2026-10-05 curl·WebFetch 실측) + DuckDuckGo HTML 검색은 봇 확","unverified","",""
"yellow-ai:trustradius","02-cs-agent","yellow-ai","Yellow.ai","global","trustradius","https://yellow.ai/","WebSearch 세션 한도(200회)가 이 작업 시작 시점에 이미 소진돼 첫 호출부터 거부됨 + capterra.com·trustradius.com 직접 접속 403(Cloudflare, 2026-10-05 curl·WebFetch 실측) + DuckDuckGo HTML 검색은 봇 확","unverified","",""
"tidio:capterra","02-cs-agent","tidio","Tidio","global","capterra","https://www.tidio.com/","WebSearch 세션 한도(200회)가 이 작업 시작 시점에 이미 소진돼 첫 호출부터 거부됨 + capterra.com·trustradius.com 직접 접속 403(Cloudflare, 2026-10-05 curl·WebFetch 실측) + DuckDuckGo HTML 검색은 봇 확","unverified","",""
"tidio:trustradius","02-cs-agent","tidio","Tidio","global","trustradius","https://www.tidio.com/","WebSearch 세션 한도(200회)가 이 작업 시작 시점에 이미 소진돼 첫 호출부터 거부됨 + capterra.com·trustradius.com 직접 접속 403(Cloudflare, 2026-10-05 curl·WebFetch 실측) + DuckDuckGo HTML 검색은 봇 확","unverified","",""
"gorgias:capterra","02-cs-agent","gorgias","Gorgias","global","capterra","https://www.gorgias.com/","WebSearch 세션 한도(200회)가 이 작업 시작 시점에 이미 소진돼 첫 호출부터 거부됨 + capterra.com·trustradius.com 직접 접속 403(Cloudflare, 2026-10-05 curl·WebFetch 실측) + DuckDuckGo HTML 검색은 봇 확","unverified","",""
"gorgias:trustradius","02-cs-agent","gorgias","Gorgias","global","trustradius","https://www.gorgias.com/","WebSearch 세션 한도(200회)가 이 작업 시작 시점에 이미 소진돼 첫 호출부터 거부됨 + capterra.com·trustradius.com 직접 접속 403(Cloudflare, 2026-10-05 curl·WebFetch 실측) + DuckDuckGo HTML 검색은 봇 확","unverified","",""
"liveperson:capterra","02-cs-agent","liveperson","LivePerson","global","capterra","https://www.liveperson.com/","WebSearch 세션 한도(200회)가 이 작업 시작 시점에 이미 소진돼 첫 호출부터 거부됨 + capterra.com·trustradius.com 직접 접속 403(Cloudflare, 2026-10-05 curl·WebFetch 실측) + DuckDuckGo HTML 검색은 봇 확","unverified","",""
"liveperson:trustradius","02-cs-agent","liveperson","LivePerson","global","trustradius","https://www.liveperson.com/","WebSearch 세션 한도(200회)가 이 작업 시작 시점에 이미 소진돼 첫 호출부터 거부됨 + capterra.com·trustradius.com 직접 접속 403(Cloudflare, 2026-10-05 curl·WebFetch 실측) + DuckDuckGo HTML 검색은 봇 확","unverified","",""
"netomi:capterra","02-cs-agent","netomi","Netomi","global","capterra","https://www.netomi.com/","WebSearch 세션 한도(200회)가 이 작업 시작 시점에 이미 소진돼 첫 호출부터 거부됨 + capterra.com·trustradius.com 직접 접속 403(Cloudflare, 2026-10-05 curl·WebFetch 실측) + DuckDuckGo HTML 검색은 봇 확","unverified","",""
"netomi:trustradius","02-cs-agent","netomi","Netomi","global","trustradius","https://www.netomi.com/","WebSearch 세션 한도(200회)가 이 작업 시작 시점에 이미 소진돼 첫 호출부터 거부됨 + capterra.com·trustradius.com 직접 접속 403(Cloudflare, 2026-10-05 curl·WebFetch 실측) + DuckDuckGo HTML 검색은 봇 확","unverified","",""
"cognigy:capterra","02-cs-agent","cognigy","Cognigy","global","capterra","https://www.cognigy.com/","WebSearch 세션 한도(200회)가 이 작업 시작 시점에 이미 소진돼 첫 호출부터 거부됨 + capterra.com·trustradius.com 직접 접속 403(Cloudflare, 2026-10-05 curl·WebFetch 실측) + DuckDuckGo HTML 검색은 봇 확","unverified","",""
"cognigy:trustradius","02-cs-agent","cognigy","Cognigy","global","trustradius","https://www.cognigy.com/","WebSearch 세션 한도(200회)가 이 작업 시작 시점에 이미 소진돼 첫 호출부터 거부됨 + capterra.com·trustradius.com 직접 접속 403(Cloudflare, 2026-10-05 curl·WebFetch 실측) + DuckDuckGo HTML 검색은 봇 확","unverified","",""
"zowie:capterra","02-cs-agent","zowie","Zowie","global","capterra","https://getzowie.com/","WebSearch 세션 한도(200회)가 이 작업 시작 시점에 이미 소진돼 첫 호출부터 거부됨 + capterra.com·trustradius.com 직접 접속 403(Cloudflare, 2026-10-05 curl·WebFetch 실측) + DuckDuckGo HTML 검색은 봇 확","unverified","",""
"zowie:trustradius","02-cs-agent","zowie","Zowie","global","trustradius","https://getzowie.com/","WebSearch 세션 한도(200회)가 이 작업 시작 시점에 이미 소진돼 첫 호출부터 거부됨 + capterra.com·trustradius.com 직접 접속 403(Cloudflare, 2026-10-05 curl·WebFetch 실측) + DuckDuckGo HTML 검색은 봇 확","unverified","",""
"gladly:capterra","02-cs-agent","gladly","Gladly","global","capterra","https://www.gladly.ai/","WebSearch 세션 한도(200회)가 이 작업 시작 시점에 이미 소진돼 첫 호출부터 거부됨 + capterra.com·trustradius.com 직접 접속 403(Cloudflare, 2026-10-05 curl·WebFetch 실측) + DuckDuckGo HTML 검색은 봇 확","unverified","",""
"gladly:trustradius","02-cs-agent","gladly","Gladly","global","trustradius","https://www.gladly.ai/","WebSearch 세션 한도(200회)가 이 작업 시작 시점에 이미 소진돼 첫 호출부터 거부됨 + capterra.com·trustradius.com 직접 접속 403(Cloudflare, 2026-10-05 curl·WebFetch 실측) + DuckDuckGo HTML 검색은 봇 확","unverified","",""
"kustomer:capterra","02-cs-agent","kustomer","Kustomer","global","capterra","https://www.kustomer.com/","WebSearch 세션 한도(200회)가 이 작업 시작 시점에 이미 소진돼 첫 호출부터 거부됨 + capterra.com·trustradius.com 직접 접속 403(Cloudflare, 2026-10-05 curl·WebFetch 실측) + DuckDuckGo HTML 검색은 봇 확","unverified","",""
"kustomer:trustradius","02-cs-agent","kustomer","Kustomer","global","trustradius","https://www.kustomer.com/","WebSearch 세션 한도(200회)가 이 작업 시작 시점에 이미 소진돼 첫 호출부터 거부됨 + capterra.com·trustradius.com 직접 접속 403(Cloudflare, 2026-10-05 curl·WebFetch 실측) + DuckDuckGo HTML 검색은 봇 확","unverified","",""
"help-scout:capterra","02-cs-agent","help-scout","Help Scout","global","capterra","https://www.helpscout.com/","WebSearch 세션 한도(200회)가 이 작업 시작 시점에 이미 소진돼 첫 호출부터 거부됨 + capterra.com·trustradius.com 직접 접속 403(Cloudflare, 2026-10-05 curl·WebFetch 실측) + DuckDuckGo HTML 검색은 봇 확","unverified","",""
"help-scout:trustradius","02-cs-agent","help-scout","Help Scout","global","trustradius","https://www.helpscout.com/","WebSearch 세션 한도(200회)가 이 작업 시작 시점에 이미 소진돼 첫 호출부터 거부됨 + capterra.com·trustradius.com 직접 접속 403(Cloudflare, 2026-10-05 curl·WebFetch 실측) + DuckDuckGo HTML 검색은 봇 확","unverified","",""
"chatbase:capterra","02-cs-agent","chatbase","Chatbase","global","capterra","https://www.chatbase.co/","WebSearch 세션 한도(200회)가 이 작업 시작 시점에 이미 소진돼 첫 호출부터 거부됨 + capterra.com·trustradius.com 직접 접속 403(Cloudflare, 2026-10-05 curl·WebFetch 실측) + DuckDuckGo HTML 검색은 봇 확","unverified","",""
"chatbase:trustradius","02-cs-agent","chatbase","Chatbase","global","trustradius","https://www.chatbase.co/","WebSearch 세션 한도(200회)가 이 작업 시작 시점에 이미 소진돼 첫 호출부터 거부됨 + capterra.com·trustradius.com 직접 접속 403(Cloudflare, 2026-10-05 curl·WebFetch 실측) + DuckDuckGo HTML 검색은 봇 확","unverified","",""
"salesforce-agentforce:capterra","02-cs-agent","salesforce-agentforce","Salesforce Agentforce","global","capterra","https://www.salesforce.com/agentforce/","WebSearch 세션 한도(200회)가 이 작업 시작 시점에 이미 소진돼 첫 호출부터 거부됨 + capterra.com·trustradius.com 직접 접속 403(Cloudflare, 2026-10-05 curl·WebFetch 실측) + DuckDuckGo HTML 검색은 봇 확","unverified","",""
"salesforce-agentforce:trustradius","02-cs-agent","salesforce-agentforce","Salesforce Agentforce","global","trustradius","https://www.salesforce.com/agentforce/","WebSearch 세션 한도(200회)가 이 작업 시작 시점에 이미 소진돼 첫 호출부터 거부됨 + capterra.com·trustradius.com 직접 접속 403(Cloudflare, 2026-10-05 curl·WebFetch 실측) + DuckDuckGo HTML 검색은 봇 확","unverified","",""
"channel-talk:googleplay","02-cs-agent","channel-talk","Channel Talk","kr","googleplay","https://channel.io/kr","공식 사이트가 이 패키지로 링크하지만 Play 앱 이름은 '채널웍스', 설명은 '채널웍스 관리자를 위한 어플리케이션' — 채널톡 상담 앱인지 업무툴 앱인지 확인 못 함","unverified","",""
"channel-talk:appstore","02-cs-agent","channel-talk","Channel Talk","kr","appstore","https://channel.io/kr","iTunes '채널톡' — Channel Corp. 의 '채널웍스/Channel Works' 앱만 있음. Play 와 같은 사정으로 채널톡 앱인지 확인 못 함","unverified","",""
"channel-talk:capterra","02-cs-agent","channel-talk","Channel Talk","kr","capterra","https://channel.io/kr","WebSearch 세션 한도(200회)가 이 작업 시작 시점에 이미 소진돼 첫 호출부터 거부됨 + capterra.com·trustradius.com 직접 접속 403(Cloudflare, 2026-10-05 curl·WebFetch 실측) + DuckDuckGo HTML 검색은 봇 확","unverified","",""
"channel-talk:trustradius","02-cs-agent","channel-talk","Channel Talk","kr","trustradius","https://channel.io/kr","WebSearch 세션 한도(200회)가 이 작업 시작 시점에 이미 소진돼 첫 호출부터 거부됨 + capterra.com·trustradius.com 직접 접속 403(Cloudflare, 2026-10-05 curl·WebFetch 실측) + DuckDuckGo HTML 검색은 봇 확","unverified","",""
"happytalk:capterra","02-cs-agent","happytalk","Happytalk","kr","capterra","https://www.happytalk.io/","WebSearch 세션 한도(200회)가 이 작업 시작 시점에 이미 소진돼 첫 호출부터 거부됨 + capterra.com·trustradius.com 직접 접속 403(Cloudflare, 2026-10-05 curl·WebFetch 실측) + DuckDuckGo HTML 검색은 봇 확","unverified","",""
"happytalk:trustradius","02-cs-agent","happytalk","Happytalk","kr","trustradius","https://www.happytalk.io/","WebSearch 세션 한도(200회)가 이 작업 시작 시점에 이미 소진돼 첫 호출부터 거부됨 + capterra.com·trustradius.com 직접 접속 403(Cloudflare, 2026-10-05 curl·WebFetch 실측) + DuckDuckGo HTML 검색은 봇 확","unverified","",""
"kt-ai-call-assistant:capterra","02-cs-agent","kt-ai-call-assistant","KT AI 통화비서","kr","capterra","확인 불가","WebSearch 세션 한도(200회)가 이 작업 시작 시점에 이미 소진돼 첫 호출부터 거부됨 + capterra.com·trustradius.com 직접 접속 403(Cloudflare, 2026-10-05 curl·WebFetch 실측) + DuckDuckGo HTML 검색은 봇 확","unverified","",""
"kt-ai-call-assistant:trustradius","02-cs-agent","kt-ai-call-assistant","KT AI 통화비서","kr","trustradius","확인 불가","WebSearch 세션 한도(200회)가 이 작업 시작 시점에 이미 소진돼 첫 호출부터 거부됨 + capterra.com·trustradius.com 직접 접속 403(Cloudflare, 2026-10-05 curl·WebFetch 실측) + DuckDuckGo HTML 검색은 봇 확","unverified","",""
"wisenut:capterra","02-cs-agent","wisenut","WISEnut","kr","capterra","https://www.wisenut.com/","WebSearch 세션 한도(200회)가 이 작업 시작 시점에 이미 소진돼 첫 호출부터 거부됨 + capterra.com·trustradius.com 직접 접속 403(Cloudflare, 2026-10-05 curl·WebFetch 실측) + DuckDuckGo HTML 검색은 봇 확","unverified","",""
"wisenut:trustradius","02-cs-agent","wisenut","WISEnut","kr","trustradius","https://www.wisenut.com/","WebSearch 세션 한도(200회)가 이 작업 시작 시점에 이미 소진돼 첫 호출부터 거부됨 + capterra.com·trustradius.com 직접 접속 403(Cloudflare, 2026-10-05 curl·WebFetch 실측) + DuckDuckGo HTML 검색은 봇 확","unverified","",""
"skelterlabs:capterra","02-cs-agent","skelterlabs","Skelter Labs","kr","capterra","https://www.skelterlabs.com/","WebSearch 세션 한도(200회)가 이 작업 시작 시점에 이미 소진돼 첫 호출부터 거부됨 + capterra.com·trustradius.com 직접 접속 403(Cloudflare, 2026-10-05 curl·WebFetch 실측) + DuckDuckGo HTML 검색은 봇 확","unverified","",""
"skelterlabs:trustradius","02-cs-agent","skelterlabs","Skelter Labs","kr","trustradius","https://www.skelterlabs.com/","WebSearch 세션 한도(200회)가 이 작업 시작 시점에 이미 소진돼 첫 호출부터 거부됨 + capterra.com·trustradius.com 직접 접속 403(Cloudflare, 2026-10-05 curl·WebFetch 실측) + DuckDuckGo HTML 검색은 봇 확","unverified","",""
"danbee-ai:capterra","02-cs-agent","danbee-ai","danbee.ai","kr","capterra","https://danbee.ai/","WebSearch 세션 한도(200회)가 이 작업 시작 시점에 이미 소진돼 첫 호출부터 거부됨 + capterra.com·trustradius.com 직접 접속 403(Cloudflare, 2026-10-05 curl·WebFetch 실측) + DuckDuckGo HTML 검색은 봇 확","unverified","",""
"danbee-ai:trustradius","02-cs-agent","danbee-ai","danbee.ai","kr","trustradius","https://danbee.ai/","WebSearch 세션 한도(200회)가 이 작업 시작 시점에 이미 소진돼 첫 호출부터 거부됨 + capterra.com·trustradius.com 직접 접속 403(Cloudflare, 2026-10-05 curl·WebFetch 실측) + DuckDuckGo HTML 검색은 봇 확","unverified","",""
"gong:capterra","03-sales-assistant","gong","Gong","global","capterra","https://www.gong.io/","WebSearch 세션 한도(200회)가 이 작업 시작 시점에 이미 소진돼 첫 호출부터 거부됨 + capterra.com·trustradius.com 직접 접속 403(Cloudflare, 2026-10-05 curl·WebFetch 실측) + DuckDuckGo HTML 검색은 봇 확","unverified","",""
"gong:trustradius","03-sales-assistant","gong","Gong","global","trustradius","https://www.gong.io/","WebSearch 세션 한도(200회)가 이 작업 시작 시점에 이미 소진돼 첫 호출부터 거부됨 + capterra.com·trustradius.com 직접 접속 403(Cloudflare, 2026-10-05 curl·WebFetch 실측) + DuckDuckGo HTML 검색은 봇 확","unverified","",""
"clari:capterra","03-sales-assistant","clari","Clari","global","capterra","https://www.clari.com/","WebSearch 세션 한도(200회)가 이 작업 시작 시점에 이미 소진돼 첫 호출부터 거부됨 + capterra.com·trustradius.com 직접 접속 403(Cloudflare, 2026-10-05 curl·WebFetch 실측) + DuckDuckGo HTML 검색은 봇 확","unverified","",""
"clari:trustradius","03-sales-assistant","clari","Clari","global","trustradius","https://www.clari.com/","WebSearch 세션 한도(200회)가 이 작업 시작 시점에 이미 소진돼 첫 호출부터 거부됨 + capterra.com·trustradius.com 직접 접속 403(Cloudflare, 2026-10-05 curl·WebFetch 실측) + DuckDuckGo HTML 검색은 봇 확","unverified","",""
"outreach:appstore","03-sales-assistant","outreach","Outreach","global","appstore","https://www.outreach.ai/","iTunes 'Outreach sales' — 'Outreach.io'(id6505089914) 판매자가 COMPONENTLAB INC 라 회사 앱인지 확인 못 함","unverified","",""
"outreach:capterra","03-sales-assistant","outreach","Outreach","global","capterra","https://www.outreach.ai/","WebSearch 세션 한도(200회)가 이 작업 시작 시점에 이미 소진돼 첫 호출부터 거부됨 + capterra.com·trustradius.com 직접 접속 403(Cloudflare, 2026-10-05 curl·WebFetch 실측) + DuckDuckGo HTML 검색은 봇 확","unverified","",""
"outreach:trustradius","03-sales-assistant","outreach","Outreach","global","trustradius","https://www.outreach.ai/","WebSearch 세션 한도(200회)가 이 작업 시작 시점에 이미 소진돼 첫 호출부터 거부됨 + capterra.com·trustradius.com 직접 접속 403(Cloudflare, 2026-10-05 curl·WebFetch 실측) + DuckDuckGo HTML 검색은 봇 확","unverified","",""
"salesloft:capterra","03-sales-assistant","salesloft","Salesloft","global","capterra","https://www.salesloft.com/","WebSearch 세션 한도(200회)가 이 작업 시작 시점에 이미 소진돼 첫 호출부터 거부됨 + capterra.com·trustradius.com 직접 접속 403(Cloudflare, 2026-10-05 curl·WebFetch 실측) + DuckDuckGo HTML 검색은 봇 확","unverified","",""
"salesloft:trustradius","03-sales-assistant","salesloft","Salesloft","global","trustradius","https://www.salesloft.com/","WebSearch 세션 한도(200회)가 이 작업 시작 시점에 이미 소진돼 첫 호출부터 거부됨 + capterra.com·trustradius.com 직접 접속 403(Cloudflare, 2026-10-05 curl·WebFetch 실측) + DuckDuckGo HTML 검색은 봇 확","unverified","",""
"apollo-io:capterra","03-sales-assistant","apollo-io","Apollo.io","global","capterra","https://www.apollo.io/","WebSearch 세션 한도(200회)가 이 작업 시작 시점에 이미 소진돼 첫 호출부터 거부됨 + capterra.com·trustradius.com 직접 접속 403(Cloudflare, 2026-10-05 curl·WebFetch 실측) + DuckDuckGo HTML 검색은 봇 확","unverified","",""
"apollo-io:trustradius","03-sales-assistant","apollo-io","Apollo.io","global","trustradius","https://www.apollo.io/","WebSearch 세션 한도(200회)가 이 작업 시작 시점에 이미 소진돼 첫 호출부터 거부됨 + capterra.com·trustradius.com 직접 접속 403(Cloudflare, 2026-10-05 curl·WebFetch 실측) + DuckDuckGo HTML 검색은 봇 확","unverified","",""
"clay:capterra","03-sales-assistant","clay","Clay","global","capterra","https://www.clay.com/","WebSearch 세션 한도(200회)가 이 작업 시작 시점에 이미 소진돼 첫 호출부터 거부됨 + capterra.com·trustradius.com 직접 접속 403(Cloudflare, 2026-10-05 curl·WebFetch 실측) + DuckDuckGo HTML 검색은 봇 확","unverified","",""
"clay:trustradius","03-sales-assistant","clay","Clay","global","trustradius","https://www.clay.com/","WebSearch 세션 한도(200회)가 이 작업 시작 시점에 이미 소진돼 첫 호출부터 거부됨 + capterra.com·trustradius.com 직접 접속 403(Cloudflare, 2026-10-05 curl·WebFetch 실측) + DuckDuckGo HTML 검색은 봇 확","unverified","",""
"11x-ai:capterra","03-sales-assistant","11x-ai","11x","global","capterra","https://www.11x.ai/","WebSearch 세션 한도(200회)가 이 작업 시작 시점에 이미 소진돼 첫 호출부터 거부됨 + capterra.com·trustradius.com 직접 접속 403(Cloudflare, 2026-10-05 curl·WebFetch 실측) + DuckDuckGo HTML 검색은 봇 확","unverified","",""
"11x-ai:trustradius","03-sales-assistant","11x-ai","11x","global","trustradius","https://www.11x.ai/","WebSearch 세션 한도(200회)가 이 작업 시작 시점에 이미 소진돼 첫 호출부터 거부됨 + capterra.com·trustradius.com 직접 접속 403(Cloudflare, 2026-10-05 curl·WebFetch 실측) + DuckDuckGo HTML 검색은 봇 확","unverified","",""
"regie-ai:capterra","03-sales-assistant","regie-ai","Regie.ai","global","capterra","https://regie.ai/","WebSearch 세션 한도(200회)가 이 작업 시작 시점에 이미 소진돼 첫 호출부터 거부됨 + capterra.com·trustradius.com 직접 접속 403(Cloudflare, 2026-10-05 curl·WebFetch 실측) + DuckDuckGo HTML 검색은 봇 확","unverified","",""
"regie-ai:trustradius","03-sales-assistant","regie-ai","Regie.ai","global","trustradius","https://regie.ai/","WebSearch 세션 한도(200회)가 이 작업 시작 시점에 이미 소진돼 첫 호출부터 거부됨 + capterra.com·trustradius.com 직접 접속 403(Cloudflare, 2026-10-05 curl·WebFetch 실측) + DuckDuckGo HTML 검색은 봇 확","unverified","",""
"lavender:capterra","03-sales-assistant","lavender","Lavender","global","capterra","https://lavender.ai/","WebSearch 세션 한도(200회)가 이 작업 시작 시점에 이미 소진돼 첫 호출부터 거부됨 + capterra.com·trustradius.com 직접 접속 403(Cloudflare, 2026-10-05 curl·WebFetch 실측) + DuckDuckGo HTML 검색은 봇 확","unverified","",""
"lavender:trustradius","03-sales-assistant","lavender","Lavender","global","trustradius","https://lavender.ai/","WebSearch 세션 한도(200회)가 이 작업 시작 시점에 이미 소진돼 첫 호출부터 거부됨 + capterra.com·trustradius.com 직접 접속 403(Cloudflare, 2026-10-05 curl·WebFetch 실측) + DuckDuckGo HTML 검색은 봇 확","unverified","",""
"zoominfo:capterra","03-sales-assistant","zoominfo","ZoomInfo","global","capterra","https://www.zoominfo.com/","WebSearch 세션 한도(200회)가 이 작업 시작 시점에 이미 소진돼 첫 호출부터 거부됨 + capterra.com·trustradius.com 직접 접속 403(Cloudflare, 2026-10-05 curl·WebFetch 실측) + DuckDuckGo HTML 검색은 봇 확","unverified","",""
"zoominfo:trustradius","03-sales-assistant","zoominfo","ZoomInfo","global","trustradius","https://www.zoominfo.com/","WebSearch 세션 한도(200회)가 이 작업 시작 시점에 이미 소진돼 첫 호출부터 거부됨 + capterra.com·trustradius.com 직접 접속 403(Cloudflare, 2026-10-05 curl·WebFetch 실측) + DuckDuckGo HTML 검색은 봇 확","unverified","",""
"lusha:capterra","03-sales-assistant","lusha","Lusha","global","capterra","https://www.lusha.com/","WebSearch 세션 한도(200회)가 이 작업 시작 시점에 이미 소진돼 첫 호출부터 거부됨 + capterra.com·trustradius.com 직접 접속 403(Cloudflare, 2026-10-05 curl·WebFetch 실측) + DuckDuckGo HTML 검색은 봇 확","unverified","",""
"lusha:trustradius","03-sales-assistant","lusha","Lusha","global","trustradius","https://www.lusha.com/","WebSearch 세션 한도(200회)가 이 작업 시작 시점에 이미 소진돼 첫 호출부터 거부됨 + capterra.com·trustradius.com 직접 접속 403(Cloudflare, 2026-10-05 curl·WebFetch 실측) + DuckDuckGo HTML 검색은 봇 확","unverified","",""
"attention:capterra","03-sales-assistant","attention","Attention","global","capterra","https://www.attention.com/","WebSearch 세션 한도(200회)가 이 작업 시작 시점에 이미 소진돼 첫 호출부터 거부됨 + capterra.com·trustradius.com 직접 접속 403(Cloudflare, 2026-10-05 curl·WebFetch 실측) + DuckDuckGo HTML 검색은 봇 확","unverified","",""
"attention:trustradius","03-sales-assistant","attention","Attention","global","trustradius","https://www.attention.com/","WebSearch 세션 한도(200회)가 이 작업 시작 시점에 이미 소진돼 첫 호출부터 거부됨 + capterra.com·trustradius.com 직접 접속 403(Cloudflare, 2026-10-05 curl·WebFetch 실측) + DuckDuckGo HTML 검색은 봇 확","unverified","",""
"nooks:capterra","03-sales-assistant","nooks","Nooks","global","capterra","https://www.nooks.ai/","WebSearch 세션 한도(200회)가 이 작업 시작 시점에 이미 소진돼 첫 호출부터 거부됨 + capterra.com·trustradius.com 직접 접속 403(Cloudflare, 2026-10-05 curl·WebFetch 실측) + DuckDuckGo HTML 검색은 봇 확","unverified","",""
"nooks:trustradius","03-sales-assistant","nooks","Nooks","global","trustradius","https://www.nooks.ai/","WebSearch 세션 한도(200회)가 이 작업 시작 시점에 이미 소진돼 첫 호출부터 거부됨 + capterra.com·trustradius.com 직접 접속 403(Cloudflare, 2026-10-05 curl·WebFetch 실측) + DuckDuckGo HTML 검색은 봇 확","unverified","",""
"orum:capterra","03-sales-assistant","orum","Orum","global","capterra","https://www.orum.com/","WebSearch 세션 한도(200회)가 이 작업 시작 시점에 이미 소진돼 첫 호출부터 거부됨 + capterra.com·trustradius.com 직접 접속 403(Cloudflare, 2026-10-05 curl·WebFetch 실측) + DuckDuckGo HTML 검색은 봇 확","unverified","",""
"orum:trustradius","03-sales-assistant","orum","Orum","global","trustradius","https://www.orum.com/","WebSearch 세션 한도(200회)가 이 작업 시작 시점에 이미 소진돼 첫 호출부터 거부됨 + capterra.com·trustradius.com 직접 접속 403(Cloudflare, 2026-10-05 curl·WebFetch 실측) + DuckDuckGo HTML 검색은 봇 확","unverified","",""
"amplemarket:capterra","03-sales-assistant","amplemarket","Amplemarket","global","capterra","https://www.amplemarket.com/","WebSearch 세션 한도(200회)가 이 작업 시작 시점에 이미 소진돼 첫 호출부터 거부됨 + capterra.com·trustradius.com 직접 접속 403(Cloudflare, 2026-10-05 curl·WebFetch 실측) + DuckDuckGo HTML 검색은 봇 확","unverified","",""
"amplemarket:trustradius","03-sales-assistant","amplemarket","Amplemarket","global","trustradius","https://www.amplemarket.com/","WebSearch 세션 한도(200회)가 이 작업 시작 시점에 이미 소진돼 첫 호출부터 거부됨 + capterra.com·trustradius.com 직접 접속 403(Cloudflare, 2026-10-05 curl·WebFetch 실측) + DuckDuckGo HTML 검색은 봇 확","unverified","",""
"artisan:capterra","03-sales-assistant","artisan","Artisan","global","capterra","https://www.artisan.co/","WebSearch 세션 한도(200회)가 이 작업 시작 시점에 이미 소진돼 첫 호출부터 거부됨 + capterra.com·trustradius.com 직접 접속 403(Cloudflare, 2026-10-05 curl·WebFetch 실측) + DuckDuckGo HTML 검색은 봇 확","unverified","",""
"artisan:trustradius","03-sales-assistant","artisan","Artisan","global","trustradius","https://www.artisan.co/","WebSearch 세션 한도(200회)가 이 작업 시작 시점에 이미 소진돼 첫 호출부터 거부됨 + capterra.com·trustradius.com 직접 접속 403(Cloudflare, 2026-10-05 curl·WebFetch 실측) + DuckDuckGo HTML 검색은 봇 확","unverified","",""
"highspot:capterra","03-sales-assistant","highspot","Highspot","global","capterra","https://www.highspot.com/","WebSearch 세션 한도(200회)가 이 작업 시작 시점에 이미 소진돼 첫 호출부터 거부됨 + capterra.com·trustradius.com 직접 접속 403(Cloudflare, 2026-10-05 curl·WebFetch 실측) + DuckDuckGo HTML 검색은 봇 확","unverified","",""
"highspot:trustradius","03-sales-assistant","highspot","Highspot","global","trustradius","https://www.highspot.com/","WebSearch 세션 한도(200회)가 이 작업 시작 시점에 이미 소진돼 첫 호출부터 거부됨 + capterra.com·trustradius.com 직접 접속 403(Cloudflare, 2026-10-05 curl·WebFetch 실측) + DuckDuckGo HTML 검색은 봇 확","unverified","",""
"people-ai:capterra","03-sales-assistant","people-ai","People.ai (현 Backstory)","global","capterra","https://people.ai/","WebSearch 세션 한도(200회)가 이 작업 시작 시점에 이미 소진돼 첫 호출부터 거부됨 + capterra.com·trustradius.com 직접 접속 403(Cloudflare, 2026-10-05 curl·WebFetch 실측) + DuckDuckGo HTML 검색은 봇 확","unverified","",""
"people-ai:trustradius","03-sales-assistant","people-ai","People.ai (현 Backstory)","global","trustradius","https://people.ai/","WebSearch 세션 한도(200회)가 이 작업 시작 시점에 이미 소진돼 첫 호출부터 거부됨 + capterra.com·trustradius.com 직접 접속 403(Cloudflare, 2026-10-05 curl·WebFetch 실측) + DuckDuckGo HTML 검색은 봇 확","unverified","",""
"instantly:capterra","03-sales-assistant","instantly","Instantly","global","capterra","https://instantly.ai/","WebSearch 세션 한도(200회)가 이 작업 시작 시점에 이미 소진돼 첫 호출부터 거부됨 + capterra.com·trustradius.com 직접 접속 403(Cloudflare, 2026-10-05 curl·WebFetch 실측) + DuckDuckGo HTML 검색은 봇 확","unverified","",""
"instantly:trustradius","03-sales-assistant","instantly","Instantly","global","trustradius","https://instantly.ai/","WebSearch 세션 한도(200회)가 이 작업 시작 시점에 이미 소진돼 첫 호출부터 거부됨 + capterra.com·trustradius.com 직접 접속 403(Cloudflare, 2026-10-05 curl·WebFetch 실측) + DuckDuckGo HTML 검색은 봇 확","unverified","",""
"hubspot-sales-hub:capterra","03-sales-assistant","hubspot-sales-hub","HubSpot Sales Hub","global","capterra","https://www.hubspot.com/products/sales","WebSearch 세션 한도(200회)가 이 작업 시작 시점에 이미 소진돼 첫 호출부터 거부됨 + capterra.com·trustradius.com 직접 접속 403(Cloudflare, 2026-10-05 curl·WebFetch 실측) + DuckDuckGo HTML 검색은 봇 확","unverified","",""
"hubspot-sales-hub:trustradius","03-sales-assistant","hubspot-sales-hub","HubSpot Sales Hub","global","trustradius","https://www.hubspot.com/products/sales","WebSearch 세션 한도(200회)가 이 작업 시작 시점에 이미 소진돼 첫 호출부터 거부됨 + capterra.com·trustradius.com 직접 접속 403(Cloudflare, 2026-10-05 curl·WebFetch 실측) + DuckDuckGo HTML 검색은 봇 확","unverified","",""
"salesmap:capterra","03-sales-assistant","salesmap","Salesmap","kr","capterra","https://salesmap.kr/","WebSearch 세션 한도(200회)가 이 작업 시작 시점에 이미 소진돼 첫 호출부터 거부됨 + capterra.com·trustradius.com 직접 접속 403(Cloudflare, 2026-10-05 curl·WebFetch 실측) + DuckDuckGo HTML 검색은 봇 확","unverified","",""
"salesmap:trustradius","03-sales-assistant","salesmap","Salesmap","kr","trustradius","https://salesmap.kr/","WebSearch 세션 한도(200회)가 이 작업 시작 시점에 이미 소진돼 첫 호출부터 거부됨 + capterra.com·trustradius.com 직접 접속 403(Cloudflare, 2026-10-05 curl·WebFetch 실측) + DuckDuckGo HTML 검색은 봇 확","unverified","",""
"deepsales:capterra","03-sales-assistant","deepsales","DeepSales","kr","capterra","https://www.deepsales.com/","WebSearch 세션 한도(200회)가 이 작업 시작 시점에 이미 소진돼 첫 호출부터 거부됨 + capterra.com·trustradius.com 직접 접속 403(Cloudflare, 2026-10-05 curl·WebFetch 실측) + DuckDuckGo HTML 검색은 봇 확","unverified","",""
"deepsales:trustradius","03-sales-assistant","deepsales","DeepSales","kr","trustradius","https://www.deepsales.com/","WebSearch 세션 한도(200회)가 이 작업 시작 시점에 이미 소진돼 첫 호출부터 거부됨 + capterra.com·trustradius.com 직접 접속 403(Cloudflare, 2026-10-05 curl·WebFetch 실측) + DuckDuckGo HTML 검색은 봇 확","unverified","",""
"vcat-ai:capterra","04-marketing-content","vcat-ai","VCAT.AI","kr","capterra","https://vcat.ai/","세션 웹검색 한도(200회) 소진으로 검색 불가, 직접 접속은 Cloudflare 403","unverified","",""
"vcat-ai:trustradius","04-marketing-content","vcat-ai","VCAT.AI","kr","trustradius","https://vcat.ai/","세션 웹검색 한도 소진으로 검색 불가, 직접 접속 403","unverified","",""
"draph-art:capterra","04-marketing-content","draph-art","Draph Art","kr","capterra","https://draph.art/","세션 웹검색 한도 소진으로 검색 불가, 직접 접속 403","unverified","",""
"draph-art:trustradius","04-marketing-content","draph-art","Draph Art","kr","trustradius","https://draph.art/","세션 웹검색 한도 소진으로 검색 불가, 직접 접속 403","unverified","",""
"adgen-ai:capterra","04-marketing-content","adgen-ai","AdGen AI","kr","capterra","https://www.adgenai.com/","세션 웹검색 한도 소진으로 검색 불가, 직접 접속 403","unverified","",""
"adgen-ai:trustradius","04-marketing-content","adgen-ai","AdGen AI","kr","trustradius","https://www.adgenai.com/","세션 웹검색 한도 소진으로 검색 불가, 직접 접속 403","unverified","",""
"gmp-creatives:capterra","04-marketing-content","gmp-creatives","GMP Creatives","kr","capterra","https://creatives.gmp.ai/","세션 웹검색 한도 소진으로 검색 불가, 직접 접속 403","unverified","",""
"gmp-creatives:trustradius","04-marketing-content","gmp-creatives","GMP Creatives","kr","trustradius","https://creatives.gmp.ai/","세션 웹검색 한도 소진으로 검색 불가, 직접 접속 403","unverified","",""
"sigmine:capterra","04-marketing-content","sigmine","Sigmine","kr","capterra","https://sigmine.ai/","세션 웹검색 한도 소진으로 검색 불가, 직접 접속 403","unverified","",""
"sigmine:trustradius","04-marketing-content","sigmine","Sigmine","kr","trustradius","https://sigmine.ai/","세션 웹검색 한도 소진으로 검색 불가, 직접 접속 403","unverified","",""
"mirr:capterra","04-marketing-content","mirr","Mirr","kr","capterra","https://www.mirra.my/ko","세션 웹검색 한도 소진으로 검색 불가, 직접 접속 403","unverified","",""
"mirr:trustradius","04-marketing-content","mirr","Mirr","kr","trustradius","https://www.mirra.my/ko","세션 웹검색 한도 소진으로 검색 불가, 직접 접속 403","unverified","",""
"astarmize:capterra","04-marketing-content","astarmize","ASTARMIZE (AVICA)","kr","capterra","확인 불가","세션 웹검색 한도 소진으로 검색 불가, 직접 접속 403","unverified","",""
"astarmize:trustradius","04-marketing-content","astarmize","ASTARMIZE (AVICA)","kr","trustradius","확인 불가","세션 웹검색 한도 소진으로 검색 불가, 직접 접속 403","unverified","",""
"aisac:capterra","04-marketing-content","aisac","AiSAC","kr","capterra","https://aisac.kobaco.co.kr/","세션 웹검색 한도 소진으로 검색 불가, 직접 접속 403","unverified","",""
"aisac:trustradius","04-marketing-content","aisac","AiSAC","kr","trustradius","https://aisac.kobaco.co.kr/","세션 웹검색 한도 소진으로 검색 불가, 직접 접속 403","unverified","",""
"copykle:capterra","04-marketing-content","copykle","Copykle","kr","capterra","https://copykle.ai/","세션 웹검색 한도 소진으로 검색 불가, 직접 접속 403","unverified","",""
"copykle:trustradius","04-marketing-content","copykle","Copykle","kr","trustradius","https://copykle.ai/","세션 웹검색 한도 소진으로 검색 불가, 직접 접속 403","unverified","",""
"mangoboard:capterra","04-marketing-content","mangoboard","Mangoboard (AI Designer)","kr","capterra","https://www.mangoboard.net/","세션 웹검색 한도 소진으로 검색 불가, 직접 접속 403","unverified","",""
"mangoboard:trustradius","04-marketing-content","mangoboard","Mangoboard (AI Designer)","kr","trustradius","https://www.mangoboard.net/","세션 웹검색 한도 소진으로 검색 불가, 직접 접속 403","unverified","",""
"miricanvas:capterra","04-marketing-content","miricanvas","MiriCanvas","kr","capterra","https://www.miricanvas.com/","세션 웹검색 한도 소진으로 검색 불가, 직접 접속 403","unverified","",""
"miricanvas:trustradius","04-marketing-content","miricanvas","MiriCanvas","kr","trustradius","https://www.miricanvas.com/","세션 웹검색 한도 소진으로 검색 불가, 직접 접속 403","unverified","",""
"carat:capterra","04-marketing-content","carat","Carat","kr","capterra","https://carat.im/","세션 웹검색 한도 소진으로 검색 불가, 직접 접속 403","unverified","",""
"carat:trustradius","04-marketing-content","carat","Carat","kr","trustradius","https://carat.im/","세션 웹검색 한도 소진으로 검색 불가, 직접 접속 403","unverified","",""
"designstaff:capterra","04-marketing-content","designstaff","DesignStaff","kr","capterra","확인 불가","세션 웹검색 한도 소진으로 검색 불가, 직접 접속 403","unverified","",""
"designstaff:trustradius","04-marketing-content","designstaff","DesignStaff","kr","trustradius","확인 불가","세션 웹검색 한도 소진으로 검색 불가, 직접 접속 403","unverified","",""
"q2cut:capterra","04-marketing-content","q2cut","Q2Cut","kr","capterra","https://q2cut.com/","세션 웹검색 한도 소진으로 검색 불가, 직접 접속 403","unverified","",""
"q2cut:trustradius","04-marketing-content","q2cut","Q2Cut","kr","trustradius","https://q2cut.com/","세션 웹검색 한도 소진으로 검색 불가, 직접 접속 403","unverified","",""
"craft-docs:capterra","05-writing-docs","craft-docs","Craft","global","capterra","https://www.craft.do/","검색 결과에 https://www.capterra.com/p/10011183/Craft/ 이 떴으나 Craft Docs 와 같은 제품인지 페이지(403)로 확인 못 함. /p/161664/ 은 Craft CMS, /p/151111/ 은 Craft.io 로 별개","unverified","",""
"wrtn:trustradius","05-writing-docs","wrtn","Wrtn","kr","trustradius","https://wrtn.ai/","확인 불가: WebSearch 세션 한도(200회) 소진 후 조사. DuckDuckGo(HTTP 202 차단)·Bing(무관 결과) 대체 검색 실패, capterra/trustradius 직접 접속은 403","unverified","",""
"clova-x:capterra","05-writing-docs","clova-x","CLOVA X","kr","capterra","확인 불가","확인 불가: WebSearch 세션 한도(200회) 소진 후 조사. DuckDuckGo(HTTP 202 차단)·Bing(무관 결과) 대체 검색 실패, capterra/trustradius 직접 접속은 403","unverified","",""
"clova-x:trustradius","05-writing-docs","clova-x","CLOVA X","kr","trustradius","확인 불가","확인 불가: WebSearch 세션 한도(200회) 소진 후 조사. DuckDuckGo(HTTP 202 차단)·Bing(무관 결과) 대체 검색 실패, capterra/trustradius 직접 접속은 403","unverified","",""
"clova-for-writing:capterra","05-writing-docs","clova-for-writing","CLOVA for Writing","kr","capterra","확인 불가","확인 불가: WebSearch 세션 한도(200회) 소진 후 조사. DuckDuckGo(HTTP 202 차단)·Bing(무관 결과) 대체 검색 실패, capterra/trustradius 직접 접속은 403","unverified","",""
"clova-for-writing:trustradius","05-writing-docs","clova-for-writing","CLOVA for Writing","kr","trustradius","확인 불가","확인 불가: WebSearch 세션 한도(200회) 소진 후 조사. DuckDuckGo(HTTP 202 차단)·Bing(무관 결과) 대체 검색 실패, capterra/trustradius 직접 접속은 403","unverified","",""
"bareun-hangul:capterra","05-writing-docs","bareun-hangul","Bareun Hangul (PNU Korean Spell Checker)","kr","capterra","https://nara-speller.co.kr/","확인 불가: WebSearch 세션 한도(200회) 소진 후 조사. DuckDuckGo(HTTP 202 차단)·Bing(무관 결과) 대체 검색 실패, capterra/trustradius 직접 접속은 403","unverified","",""
"bareun-hangul:trustradius","05-writing-docs","bareun-hangul","Bareun Hangul (PNU Korean Spell Checker)","kr","trustradius","https://nara-speller.co.kr/","확인 불가: WebSearch 세션 한도(200회) 소진 후 조사. DuckDuckGo(HTTP 202 차단)·Bing(무관 결과) 대체 검색 실패, capterra/trustradius 직접 접속은 403","unverified","",""
"copykiller:capterra","05-writing-docs","copykiller","CopyKiller","kr","capterra","https://www.copykiller.com/","확인 불가: WebSearch 세션 한도(200회) 소진 후 조사. DuckDuckGo(HTTP 202 차단)·Bing(무관 결과) 대체 검색 실패, capterra/trustradius 직접 접속은 403","unverified","",""
"copykiller:trustradius","05-writing-docs","copykiller","CopyKiller","kr","trustradius","https://www.copykiller.com/","확인 불가: WebSearch 세션 한도(200회) 소진 후 조사. DuckDuckGo(HTTP 202 차단)·Bing(무관 결과) 대체 검색 실패, capterra/trustradius 직접 접속은 403","unverified","",""
"hancom-assistant:capterra","05-writing-docs","hancom-assistant","Hancom Assistant","kr","capterra","https://www.hancomassistant.com/","확인 불가: WebSearch 세션 한도(200회) 소진 후 조사. DuckDuckGo(HTTP 202 차단)·Bing(무관 결과) 대체 검색 실패, capterra/trustradius 직접 접속은 403","unverified","",""
"hancom-assistant:trustradius","05-writing-docs","hancom-assistant","Hancom Assistant","kr","trustradius","https://www.hancomassistant.com/","확인 불가: WebSearch 세션 한도(200회) 소진 후 조사. DuckDuckGo(HTTP 202 차단)·Bing(무관 결과) 대체 검색 실패, capterra/trustradius 직접 접속은 403","unverified","",""
"polaris-office-ai:capterra","05-writing-docs","polaris-office-ai","Polaris Office AI","kr","capterra","https://www.polarisoffice.com/ko","확인 불가: WebSearch 세션 한도(200회) 소진 후 조사. DuckDuckGo(HTTP 202 차단)·Bing(무관 결과) 대체 검색 실패, capterra/trustradius 직접 접속은 403","unverified","",""
"polaris-office-ai:trustradius","05-writing-docs","polaris-office-ai","Polaris Office AI","kr","trustradius","https://www.polarisoffice.com/ko","확인 불가: WebSearch 세션 한도(200회) 소진 후 조사. DuckDuckGo(HTTP 202 차단)·Bing(무관 결과) 대체 검색 실패, capterra/trustradius 직접 접속은 403 (trustradius.com/products/polaris-office/rev","unverified","",""
"sentencify:capterra","05-writing-docs","sentencify","SENTENCIFY","kr","capterra","https://sentencify.ai/ko","확인 불가: WebSearch 세션 한도(200회) 소진 후 조사. DuckDuckGo(HTTP 202 차단)·Bing(무관 결과) 대체 검색 실패, capterra/trustradius 직접 접속은 403","unverified","",""
"sentencify:trustradius","05-writing-docs","sentencify","SENTENCIFY","kr","trustradius","https://sentencify.ai/ko","확인 불가: WebSearch 세션 한도(200회) 소진 후 조사. DuckDuckGo(HTTP 202 차단)·Bing(무관 결과) 대체 검색 실패, capterra/trustradius 직접 접속은 403","unverified","",""
"engram:capterra","05-writing-docs","engram","Engram","kr","capterra","https://www.engram.us/","확인 불가: WebSearch 세션 한도(200회) 소진 후 조사. DuckDuckGo(HTTP 202 차단)·Bing(무관 결과) 대체 검색 실패, capterra/trustradius 직접 접속은 403","unverified","",""
"engram:trustradius","05-writing-docs","engram","Engram","kr","trustradius","https://www.engram.us/","확인 불가: WebSearch 세션 한도(200회) 소진 후 조사. DuckDuckGo(HTTP 202 차단)·Bing(무관 결과) 대체 검색 실패, capterra/trustradius 직접 접속은 403","unverified","",""
"wordvice-ai:capterra","05-writing-docs","wordvice-ai","Wordvice AI","kr","capterra","https://wordvice.ai/ko","확인 불가: WebSearch 세션 한도(200회) 소진 후 조사. DuckDuckGo(HTTP 202 차단)·Bing(무관 결과) 대체 검색 실패, capterra/trustradius 직접 접속은 403","unverified","",""
"wordvice-ai:trustradius","05-writing-docs","wordvice-ai","Wordvice AI","kr","trustradius","https://wordvice.ai/ko","확인 불가: WebSearch 세션 한도(200회) 소진 후 조사. DuckDuckGo(HTTP 202 차단)·Bing(무관 결과) 대체 검색 실패, capterra/trustradius 직접 접속은 403","unverified","",""
"bareun-ai:capterra","05-writing-docs","bareun-ai","Bareun AI","kr","capterra","https://bareun.ai/","확인 불가: WebSearch 세션 한도(200회) 소진 후 조사. DuckDuckGo(HTTP 202 차단)·Bing(무관 결과) 대체 검색 실패, capterra/trustradius 직접 접속은 403","unverified","",""
"bareun-ai:trustradius","05-writing-docs","bareun-ai","Bareun AI","kr","trustradius","https://bareun.ai/","확인 불가: WebSearch 세션 한도(200회) 소진 후 조사. DuckDuckGo(HTTP 202 차단)·Bing(무관 결과) 대체 검색 실패, capterra/trustradius 직접 접속은 403","unverified","",""
"naver-spell-checker:capterra","05-writing-docs","naver-spell-checker","NAVER Spell Checker","kr","capterra","https://search.naver.com/search.naver?query=%EB%A7%9E%EC%B6%A4%EB%B2%95%EA%B2%80%EC%82%AC%EA%B8%B0","확인 불가: WebSearch 세션 한도(200회) 소진 후 조사. DuckDuckGo(HTTP 202 차단)·Bing(무관 결과) 대체 검색 실패, capterra/trustradius 직접 접속은 403","unverified","",""
"naver-spell-checker:trustradius","05-writing-docs","naver-spell-checker","NAVER Spell Checker","kr","trustradius","https://search.naver.com/search.naver?query=%EB%A7%9E%EC%B6%A4%EB%B2%95%EA%B2%80%EC%82%AC%EA%B8%B0","확인 불가: WebSearch 세션 한도(200회) 소진 후 조사. DuckDuckGo(HTTP 202 차단)·Bing(무관 결과) 대체 검색 실패, capterra/trustradius 직접 접속은 403","unverified","",""
"daum-spell-checker:capterra","05-writing-docs","daum-spell-checker","Daum Spell Checker","kr","capterra","https://dic.daum.net/grammar_checker.do","확인 불가: WebSearch 세션 한도(200회) 소진 후 조사. DuckDuckGo(HTTP 202 차단)·Bing(무관 결과) 대체 검색 실패, capterra/trustradius 직접 접속은 403","unverified","",""
"daum-spell-checker:trustradius","05-writing-docs","daum-spell-checker","Daum Spell Checker","kr","trustradius","https://dic.daum.net/grammar_checker.do","확인 불가: WebSearch 세션 한도(200회) 소진 후 조사. DuckDuckGo(HTTP 202 차단)·Bing(무관 결과) 대체 검색 실패, capterra/trustradius 직접 접속은 403","unverified","",""
"greeting-hr:capterra","06-recruiting-hr","greeting-hr","Greeting","kr","capterra","https://www.greetinghr.com/","WebSearch 세션 예산(200회) 소진으로 사이트 검색 불가 + capterra.com/trustradius.com 직접 접속은 403(Cloudflare) — 조회 자체를 못 함","unverified","",""
"greeting-hr:trustradius","06-recruiting-hr","greeting-hr","Greeting","kr","trustradius","https://www.greetinghr.com/","WebSearch 세션 예산(200회) 소진으로 사이트 검색 불가 + capterra.com/trustradius.com 직접 접속은 403(Cloudflare) — 조회 자체를 못 함","unverified","",""
"ninehire:capterra","06-recruiting-hr","ninehire","NineHire","kr","capterra","https://www.ninehire.com/","WebSearch 세션 예산(200회) 소진으로 사이트 검색 불가 + capterra.com/trustradius.com 직접 접속은 403(Cloudflare) — 조회 자체를 못 함","unverified","",""
"ninehire:trustradius","06-recruiting-hr","ninehire","NineHire","kr","trustradius","https://www.ninehire.com/","WebSearch 세션 예산(200회) 소진으로 사이트 검색 불가 + capterra.com/trustradius.com 직접 접속은 403(Cloudflare) — 조회 자체를 못 함","unverified","",""
"rivers:capterra","06-recruiting-hr","rivers","Rivers","kr","capterra","https://www.rivers.saramin.co.kr/","WebSearch 세션 예산(200회) 소진으로 사이트 검색 불가 + capterra.com/trustradius.com 직접 접속은 403(Cloudflare) — 조회 자체를 못 함","unverified","",""
"rivers:trustradius","06-recruiting-hr","rivers","Rivers","kr","trustradius","https://www.rivers.saramin.co.kr/","WebSearch 세션 예산(200회) 소진으로 사이트 검색 불가 + capterra.com/trustradius.com 직접 접속은 403(Cloudflare) — 조회 자체를 못 함","unverified","",""
"incruit-works:capterra","06-recruiting-hr","incruit-works","Incruit Works","kr","capterra","https://works.incruit.com/home/","WebSearch 세션 예산(200회) 소진으로 사이트 검색 불가 + capterra.com/trustradius.com 직접 접속은 403(Cloudflare) — 조회 자체를 못 함","unverified","",""
"incruit-works:trustradius","06-recruiting-hr","incruit-works","Incruit Works","kr","trustradius","https://works.incruit.com/home/","WebSearch 세션 예산(200회) 소진으로 사이트 검색 불가 + capterra.com/trustradius.com 직접 접속은 403(Cloudflare) — 조회 자체를 못 함","unverified","",""
"careeron:capterra","06-recruiting-hr","careeron","CareerOn","kr","capterra","https://www.careeron.co.kr/","WebSearch 세션 예산(200회) 소진으로 사이트 검색 불가 + capterra.com/trustradius.com 직접 접속은 403(Cloudflare) — 조회 자체를 못 함","unverified","",""
"careeron:trustradius","06-recruiting-hr","careeron","CareerOn","kr","trustradius","https://www.careeron.co.kr/","WebSearch 세션 예산(200회) 소진으로 사이트 검색 불가 + capterra.com/trustradius.com 직접 접속은 403(Cloudflare) — 조회 자체를 못 함","unverified","",""
"roundhr:capterra","06-recruiting-hr","roundhr","RoundHR","kr","capterra","https://roundhr.com/","WebSearch 세션 예산(200회) 소진으로 사이트 검색 불가 + capterra.com/trustradius.com 직접 접속은 403(Cloudflare) — 조회 자체를 못 함","unverified","",""
"roundhr:trustradius","06-recruiting-hr","roundhr","RoundHR","kr","trustradius","https://roundhr.com/","WebSearch 세션 예산(200회) 소진으로 사이트 검색 불가 + capterra.com/trustradius.com 직접 접속은 403(Cloudflare) — 조회 자체를 못 함","unverified","",""
"stead:capterra","06-recruiting-hr","stead","Stead","kr","capterra","확인 불가","WebSearch 세션 예산(200회) 소진으로 사이트 검색 불가 + capterra.com/trustradius.com 직접 접속은 403(Cloudflare) — 조회 자체를 못 함","unverified","",""
"stead:trustradius","06-recruiting-hr","stead","Stead","kr","trustradius","확인 불가","WebSearch 세션 예산(200회) 소진으로 사이트 검색 불가 + capterra.com/trustradius.com 직접 접속은 403(Cloudflare) — 조회 자체를 못 함","unverified","",""
"candidate:capterra","06-recruiting-hr","candidate","Candidate Biz","kr","capterra","https://www.candidate.im/","WebSearch 세션 예산(200회) 소진으로 사이트 검색 불가 + capterra.com/trustradius.com 직접 접속은 403(Cloudflare) — 조회 자체를 못 함","unverified","",""
"candidate:trustradius","06-recruiting-hr","candidate","Candidate Biz","kr","trustradius","https://www.candidate.im/","WebSearch 세션 예산(200회) 소진으로 사이트 검색 불가 + capterra.com/trustradius.com 직접 접속은 403(Cloudflare) — 조회 자체를 못 함","unverified","",""
"wiselection:capterra","06-recruiting-hr","wiselection","wiselection","kr","capterra","확인 불가","WebSearch 세션 예산(200회) 소진으로 사이트 검색 불가 + capterra.com/trustradius.com 직접 접속은 403(Cloudflare) — 조회 자체를 못 함","unverified","",""
"wiselection:trustradius","06-recruiting-hr","wiselection","wiselection","kr","trustradius","확인 불가","WebSearch 세션 예산(200회) 소진으로 사이트 검색 불가 + capterra.com/trustradius.com 직접 접속은 403(Cloudflare) — 조회 자체를 못 함","unverified","",""
"metajob:capterra","06-recruiting-hr","metajob","MetaJob","kr","capterra","확인 불가","WebSearch 세션 예산(200회) 소진으로 사이트 검색 불가 + capterra.com/trustradius.com 직접 접속은 403(Cloudflare) — 조회 자체를 못 함","unverified","",""
"metajob:trustradius","06-recruiting-hr","metajob","MetaJob","kr","trustradius","확인 불가","WebSearch 세션 예산(200회) 소진으로 사이트 검색 불가 + capterra.com/trustradius.com 직접 접속은 403(Cloudflare) — 조회 자체를 못 함","unverified","",""
"jobda:capterra","06-recruiting-hr","jobda","JOBDA","kr","capterra","https://www.jobda.im/","WebSearch 세션 예산(200회) 소진으로 사이트 검색 불가 + capterra.com/trustradius.com 직접 접속은 403(Cloudflare) — 조회 자체를 못 함","unverified","",""
"jobda:trustradius","06-recruiting-hr","jobda","JOBDA","kr","trustradius","https://www.jobda.im/","WebSearch 세션 예산(200회) 소진으로 사이트 검색 불가 + capterra.com/trustradius.com 직접 접속은 403(Cloudflare) — 조회 자체를 못 함","unverified","",""
"h-place:capterra","06-recruiting-hr","h-place","h.place","kr","capterra","https://h.place/","WebSearch 세션 예산(200회) 소진으로 사이트 검색 불가 + capterra.com/trustradius.com 직접 접속은 403(Cloudflare) — 조회 자체를 못 함","unverified","",""
"h-place:trustradius","06-recruiting-hr","h-place","h.place","kr","trustradius","https://h.place/","WebSearch 세션 예산(200회) 소진으로 사이트 검색 불가 + capterra.com/trustradius.com 직접 접속은 403(Cloudflare) — 조회 자체를 못 함","unverified","",""
"viewinter-hr:capterra","06-recruiting-hr","viewinter-hr","ViewinterHR","kr","capterra","https://viewinterhr.com/","WebSearch 세션 예산(200회) 소진으로 사이트 검색 불가 + capterra.com/trustradius.com 직접 접속은 403(Cloudflare) — 조회 자체를 못 함","unverified","",""
"viewinter-hr:trustradius","06-recruiting-hr","viewinter-hr","ViewinterHR","kr","trustradius","https://viewinterhr.com/","WebSearch 세션 예산(200회) 소진으로 사이트 검색 불가 + capterra.com/trustradius.com 직접 접속은 403(Cloudflare) — 조회 자체를 못 함","unverified","",""
"telta-interview-pro:capterra","06-recruiting-hr","telta-interview-pro","Telta Interview Pro","kr","capterra","https://www.telta.ai/interview-pro","WebSearch 세션 예산(200회) 소진으로 사이트 검색 불가 + capterra.com/trustradius.com 직접 접속은 403(Cloudflare) — 조회 자체를 못 함","unverified","",""
"telta-interview-pro:trustradius","06-recruiting-hr","telta-interview-pro","Telta Interview Pro","kr","trustradius","https://www.telta.ai/interview-pro","WebSearch 세션 예산(200회) 소진으로 사이트 검색 불가 + capterra.com/trustradius.com 직접 접속은 403(Cloudflare) — 조회 자체를 못 함","unverified","",""
"highbuff-interview:capterra","06-recruiting-hr","highbuff-interview","Highbuff Interview","kr","capterra","https://highbuff.com/","WebSearch 세션 예산(200회) 소진으로 사이트 검색 불가 + capterra.com/trustradius.com 직접 접속은 403(Cloudflare) — 조회 자체를 못 함","unverified","",""
"highbuff-interview:trustradius","06-recruiting-hr","highbuff-interview","Highbuff Interview","kr","trustradius","https://highbuff.com/","WebSearch 세션 예산(200회) 소진으로 사이트 검색 불가 + capterra.com/trustradius.com 직접 접속은 403(Cloudflare) — 조회 자체를 못 함","unverified","",""
"specter:capterra","06-recruiting-hr","specter","Specter","kr","capterra","https://www.specter.co.kr/","WebSearch 세션 예산(200회) 소진으로 사이트 검색 불가 + capterra.com/trustradius.com 직접 접속은 403(Cloudflare) — 조회 자체를 못 함","unverified","",""
"specter:trustradius","06-recruiting-hr","specter","Specter","kr","trustradius","https://www.specter.co.kr/","WebSearch 세션 예산(200회) 소진으로 사이트 검색 불가 + capterra.com/trustradius.com 직접 접속은 403(Cloudflare) — 조회 자체를 못 함","unverified","",""
"teo:capterra","06-recruiting-hr","teo","TEO","kr","capterra","https://teo.specter.co.kr/","WebSearch 세션 예산(200회) 소진으로 사이트 검색 불가 + capterra.com/trustradius.com 직접 접속은 403(Cloudflare) — 조회 자체를 못 함","unverified","",""
"teo:trustradius","06-recruiting-hr","teo","TEO","kr","trustradius","https://teo.specter.co.kr/","WebSearch 세션 예산(200회) 소진으로 사이트 검색 불가 + capterra.com/trustradius.com 직접 접속은 403(Cloudflare) — 조회 자체를 못 함","unverified","",""
"muhayu-monster:capterra","06-recruiting-hr","muhayu-monster","Monster","kr","capterra","https://www.muhayu.com/recruitment","WebSearch 세션 예산(200회) 소진으로 사이트 검색 불가 + capterra.com/trustradius.com 직접 접속은 403(Cloudflare) — 조회 자체를 못 함","unverified","",""
"muhayu-monster:trustradius","06-recruiting-hr","muhayu-monster","Monster","kr","trustradius","https://www.muhayu.com/recruitment","WebSearch 세션 예산(200회) 소진으로 사이트 검색 불가 + capterra.com/trustradius.com 직접 접속은 403(Cloudflare) — 조회 자체를 못 함","unverified","",""
"supercoder-ai-interview:capterra","06-recruiting-hr","supercoder-ai-interview","Supercoder AI Interview","kr","capterra","https://www.supercoder.co/","WebSearch 세션 예산(200회) 소진으로 사이트 검색 불가 + capterra.com/trustradius.com 직접 접속은 403(Cloudflare) — 조회 자체를 못 함","unverified","",""
"supercoder-ai-interview:trustradius","06-recruiting-hr","supercoder-ai-interview","Supercoder AI Interview","kr","trustradius","https://www.supercoder.co/","WebSearch 세션 예산(200회) 소진으로 사이트 검색 불가 + capterra.com/trustradius.com 직접 접속은 403(Cloudflare) — 조회 자체를 못 함","unverified","",""
"flex:capterra","06-recruiting-hr","flex","flex","kr","capterra","https://flex.team/","WebSearch 세션 예산(200회) 소진으로 사이트 검색 불가 + capterra.com/trustradius.com 직접 접속은 403(Cloudflare) — 조회 자체를 못 함","unverified","",""
"flex:trustradius","06-recruiting-hr","flex","flex","kr","trustradius","https://flex.team/","WebSearch 세션 예산(200회) 소진으로 사이트 검색 불가 + capterra.com/trustradius.com 직접 접속은 403(Cloudflare) — 조회 자체를 못 함","unverified","",""
"shiftee:capterra","06-recruiting-hr","shiftee","Shiftee","kr","capterra","https://shiftee.io/","WebSearch 세션 예산(200회) 소진으로 사이트 검색 불가 + capterra.com/trustradius.com 직접 접속은 403(Cloudflare) — 조회 자체를 못 함","unverified","",""
"shiftee:trustradius","06-recruiting-hr","shiftee","Shiftee","kr","trustradius","https://shiftee.io/","WebSearch 세션 예산(200회) 소진으로 사이트 검색 불가 + capterra.com/trustradius.com 직접 접속은 403(Cloudflare) — 조회 자체를 못 함","unverified","",""
"wanted-space:capterra","06-recruiting-hr","wanted-space","Wanted Space","kr","capterra","https://www.handyspace.ai/","WebSearch 세션 예산(200회) 소진으로 사이트 검색 불가 + capterra.com/trustradius.com 직접 접속은 403(Cloudflare) — 조회 자체를 못 함","unverified","",""
"wanted-space:trustradius","06-recruiting-hr","wanted-space","Wanted Space","kr","trustradius","https://www.handyspace.ai/","WebSearch 세션 예산(200회) 소진으로 사이트 검색 불가 + capterra.com/trustradius.com 직접 접속은 403(Cloudflare) — 조회 자체를 못 함","unverified","",""
"daouoffice-hr:capterra","06-recruiting-hr","daouoffice-hr","DaouOffice HR","kr","capterra","https://hr.daouoffice.com/","WebSearch 세션 예산(200회) 소진으로 사이트 검색 불가 + capterra.com/trustradius.com 직접 접속은 403(Cloudflare) — 조회 자체를 못 함","unverified","",""
"daouoffice-hr:trustradius","06-recruiting-hr","daouoffice-hr","DaouOffice HR","kr","trustradius","https://hr.daouoffice.com/","WebSearch 세션 예산(200회) 소진으로 사이트 검색 불가 + capterra.com/trustradius.com 직접 접속은 403(Cloudflare) — 조회 자체를 못 함","unverified","",""
"evertime:capterra","06-recruiting-hr","evertime","EverTime","kr","capterra","https://www.evertime.co.kr/","WebSearch 세션 예산(200회) 소진으로 사이트 검색 불가 + capterra.com/trustradius.com 직접 접속은 403(Cloudflare) — 조회 자체를 못 함","unverified","",""
"evertime:trustradius","06-recruiting-hr","evertime","EverTime","kr","trustradius","https://www.evertime.co.kr/","WebSearch 세션 예산(200회) 소진으로 사이트 검색 불가 + capterra.com/trustradius.com 직접 접속은 403(Cloudflare) — 조회 자체를 못 함","unverified","",""
"everin:capterra","06-recruiting-hr","everin","EverIn","kr","capterra","https://www.everin.co.kr/","WebSearch 세션 예산(200회) 소진으로 사이트 검색 불가 + capterra.com/trustradius.com 직접 접속은 403(Cloudflare) — 조회 자체를 못 함","unverified","",""
"everin:trustradius","06-recruiting-hr","everin","EverIn","kr","trustradius","https://www.everin.co.kr/","WebSearch 세션 예산(200회) 소진으로 사이트 검색 불가 + capterra.com/trustradius.com 직접 접속은 403(Cloudflare) — 조회 자체를 못 함","unverified","",""
"ustra-hr:capterra","06-recruiting-hr","ustra-hr","U.STRA HR","kr","capterra","https://www.ustracloud.com/","WebSearch 세션 예산(200회) 소진으로 사이트 검색 불가 + capterra.com/trustradius.com 직접 접속은 403(Cloudflare) — 조회 자체를 못 함","unverified","",""
"ustra-hr:trustradius","06-recruiting-hr","ustra-hr","U.STRA HR","kr","trustradius","https://www.ustracloud.com/","WebSearch 세션 예산(200회) 소진으로 사이트 검색 불가 + capterra.com/trustradius.com 직접 접속은 403(Cloudflare) — 조회 자체를 못 함","unverified","",""
"next-hr:capterra","06-recruiting-hr","next-hr","Next HR (SINGLEX HR)","kr","capterra","https://www.singlex.com/","WebSearch 세션 예산(200회) 소진으로 사이트 검색 불가 + capterra.com/trustradius.com 직접 접속은 403(Cloudflare) — 조회 자체를 못 함","unverified","",""
"next-hr:trustradius","06-recruiting-hr","next-hr","Next HR (SINGLEX HR)","kr","trustradius","https://www.singlex.com/","WebSearch 세션 예산(200회) 소진으로 사이트 검색 불가 + capterra.com/trustradius.com 직접 접속은 403(Cloudflare) — 조회 자체를 못 함","unverified","",""
"workup:capterra","06-recruiting-hr","workup","WORKUP","kr","capterra","https://www.workup.plus/","WebSearch 세션 예산(200회) 소진으로 사이트 검색 불가 + capterra.com/trustradius.com 직접 접속은 403(Cloudflare) — 조회 자체를 못 함","unverified","",""
"workup:trustradius","06-recruiting-hr","workup","WORKUP","kr","trustradius","https://www.workup.plus/","WebSearch 세션 예산(200회) 소진으로 사이트 검색 불가 + capterra.com/trustradius.com 직접 접속은 403(Cloudflare) — 조회 자체를 못 함","unverified","",""
"shopl:capterra","06-recruiting-hr","shopl","Shopl","kr","capterra","https://www.shoplworks.com/","WebSearch 세션 예산(200회) 소진으로 사이트 검색 불가 + capterra.com/trustradius.com 직접 접속은 403(Cloudflare) — 조회 자체를 못 함","unverified","",""
"shopl:trustradius","06-recruiting-hr","shopl","Shopl","kr","trustradius","https://www.shoplworks.com/","WebSearch 세션 예산(200회) 소진으로 사이트 검색 불가 + capterra.com/trustradius.com 직접 접속은 403(Cloudflare) — 조회 자체를 못 함","unverified","",""
"pinat:capterra","06-recruiting-hr","pinat","Pinat","kr","capterra","https://pinat.co.kr/","WebSearch 세션 예산(200회) 소진으로 사이트 검색 불가 + capterra.com/trustradius.com 직접 접속은 403(Cloudflare) — 조회 자체를 못 함","unverified","",""
"pinat:trustradius","06-recruiting-hr","pinat","Pinat","kr","trustradius","https://pinat.co.kr/","WebSearch 세션 예산(200회) 소진으로 사이트 검색 불가 + capterra.com/trustradius.com 직접 접속은 403(Cloudflare) — 조회 자체를 못 함","unverified","",""
"timeinout:capterra","06-recruiting-hr","timeinout","TimeInOut","kr","capterra","https://www.timeinout.kr/","WebSearch 세션 예산(200회) 소진으로 사이트 검색 불가 + capterra.com/trustradius.com 직접 접속은 403(Cloudflare) — 조회 자체를 못 함","unverified","",""
"timeinout:trustradius","06-recruiting-hr","timeinout","TimeInOut","kr","trustradius","https://www.timeinout.kr/","WebSearch 세션 예산(200회) 소진으로 사이트 검색 불가 + capterra.com/trustradius.com 직접 접속은 403(Cloudflare) — 조회 자체를 못 함","unverified","",""
"hulam:capterra","06-recruiting-hr","hulam","Hulam","kr","capterra","https://www.hulam.co.kr/","WebSearch 세션 예산(200회) 소진으로 사이트 검색 불가 + capterra.com/trustradius.com 직접 접속은 403(Cloudflare) — 조회 자체를 못 함","unverified","",""
"hulam:trustradius","06-recruiting-hr","hulam","Hulam","kr","trustradius","https://www.hulam.co.kr/","WebSearch 세션 예산(200회) 소진으로 사이트 검색 불가 + capterra.com/trustradius.com 직접 접속은 403(Cloudflare) — 조회 자체를 못 함","unverified","",""
"timekeeper:capterra","06-recruiting-hr","timekeeper","TimeKeeper","kr","capterra","https://novusmay.com/","WebSearch 세션 예산(200회) 소진으로 사이트 검색 불가 + capterra.com/trustradius.com 직접 접속은 403(Cloudflare) — 조회 자체를 못 함","unverified","",""
"timekeeper:trustradius","06-recruiting-hr","timekeeper","TimeKeeper","kr","trustradius","https://novusmay.com/","WebSearch 세션 예산(200회) 소진으로 사이트 검색 불가 + capterra.com/trustradius.com 직접 접속은 403(Cloudflare) — 조회 자체를 못 함","unverified","",""
"ochul:capterra","06-recruiting-hr","ochul","Ochul","kr","capterra","https://ochul.com/wmhp/","WebSearch 세션 예산(200회) 소진으로 사이트 검색 불가 + capterra.com/trustradius.com 직접 접속은 403(Cloudflare) — 조회 자체를 못 함","unverified","",""
"ochul:trustradius","06-recruiting-hr","ochul","Ochul","kr","trustradius","https://ochul.com/wmhp/","WebSearch 세션 예산(200회) 소진으로 사이트 검색 불가 + capterra.com/trustradius.com 직접 접속은 403(Cloudflare) — 조회 자체를 못 함","unverified","",""
"newploy:capterra","06-recruiting-hr","newploy","Newploy","kr","capterra","https://www.newploy.net/","WebSearch 세션 예산(200회) 소진으로 사이트 검색 불가 + capterra.com/trustradius.com 직접 접속은 403(Cloudflare) — 조회 자체를 못 함","unverified","",""
"newploy:trustradius","06-recruiting-hr","newploy","Newploy","kr","trustradius","https://www.newploy.net/","WebSearch 세션 예산(200회) 소진으로 사이트 검색 불가 + capterra.com/trustradius.com 직접 접속은 403(Cloudflare) — 조회 자체를 못 함","unverified","",""
"payzon:capterra","06-recruiting-hr","payzon","Payzon","kr","capterra","https://www.payzon.co.kr/","WebSearch 세션 예산(200회) 소진으로 사이트 검색 불가 + capterra.com/trustradius.com 직접 접속은 403(Cloudflare) — 조회 자체를 못 함","unverified","",""
"payzon:trustradius","06-recruiting-hr","payzon","Payzon","kr","trustradius","https://www.payzon.co.kr/","WebSearch 세션 예산(200회) 소진으로 사이트 검색 불가 + capterra.com/trustradius.com 직접 접속은 403(Cloudflare) — 조회 자체를 못 함","unverified","",""
"ttree:capterra","06-recruiting-hr","ttree","TTREE","kr","capterra","https://goodinvent.com/","WebSearch 세션 예산(200회) 소진으로 사이트 검색 불가 + capterra.com/trustradius.com 직접 접속은 403(Cloudflare) — 조회 자체를 못 함","unverified","",""
"ttree:trustradius","06-recruiting-hr","ttree","TTREE","kr","trustradius","https://goodinvent.com/","WebSearch 세션 예산(200회) 소진으로 사이트 검색 불가 + capterra.com/trustradius.com 직접 접속은 403(Cloudflare) — 조회 자체를 못 함","unverified","",""
"cinplus:capterra","06-recruiting-hr","cinplus","CinPlus","kr","capterra","https://www.cinplus.co.kr/","WebSearch 세션 예산(200회) 소진으로 사이트 검색 불가 + capterra.com/trustradius.com 직접 접속은 403(Cloudflare) — 조회 자체를 못 함","unverified","",""
"cinplus:trustradius","06-recruiting-hr","cinplus","CinPlus","kr","trustradius","https://www.cinplus.co.kr/","WebSearch 세션 예산(200회) 소진으로 사이트 검색 불가 + capterra.com/trustradius.com 직접 접속은 403(Cloudflare) — 조회 자체를 못 함","unverified","",""
"lemonbase:capterra","06-recruiting-hr","lemonbase","Lemonbase","kr","capterra","https://lemonbase.com/","WebSearch 세션 예산(200회) 소진으로 사이트 검색 불가 + capterra.com/trustradius.com 직접 접속은 403(Cloudflare) — 조회 자체를 못 함","unverified","",""
"lemonbase:trustradius","06-recruiting-hr","lemonbase","Lemonbase","kr","trustradius","https://lemonbase.com/","WebSearch 세션 예산(200회) 소진으로 사이트 검색 불가 + capterra.com/trustradius.com 직접 접속은 403(Cloudflare) — 조회 자체를 못 함","unverified","",""
"clap:capterra","06-recruiting-hr","clap","CLAP","kr","capterra","https://welcome.clap.company/","WebSearch 세션 예산(200회) 소진으로 사이트 검색 불가 + capterra.com/trustradius.com 직접 접속은 403(Cloudflare) — 조회 자체를 못 함","unverified","",""
"clap:trustradius","06-recruiting-hr","clap","CLAP","kr","trustradius","https://welcome.clap.company/","WebSearch 세션 예산(200회) 소진으로 사이트 검색 불가 + capterra.com/trustradius.com 직접 접속은 403(Cloudflare) — 조회 자체를 못 함","unverified","",""
"sabangnet:capterra","07-ecommerce-ops","sabangnet","Sabangnet","kr","capterra","https://www.sabangnet.co.kr/","세션 WebSearch 한도(200회) 소진으로 검색 불가, capterra.com 직접 접속은 Cloudflare 403","unverified","",""
"sabangnet:trustradius","07-ecommerce-ops","sabangnet","Sabangnet","kr","trustradius","https://www.sabangnet.co.kr/","세션 WebSearch 한도(200회) 소진으로 검색 불가, trustradius.com 직접 접속은 403","unverified","",""
"playauto:capterra","07-ecommerce-ops","playauto","PlayAuto","kr","capterra","https://www.plto.com/","세션 WebSearch 한도(200회) 소진으로 검색 불가, capterra.com 직접 접속은 Cloudflare 403","unverified","",""
"playauto:trustradius","07-ecommerce-ops","playauto","PlayAuto","kr","trustradius","https://www.plto.com/","세션 WebSearch 한도(200회) 소진으로 검색 불가, trustradius.com 직접 접속은 403","unverified","",""
"ezadmin:capterra","07-ecommerce-ops","ezadmin","EZADMIN","kr","capterra","https://www.ezadmin.co.kr/","세션 WebSearch 한도(200회) 소진으로 검색 불가, capterra.com 직접 접속은 Cloudflare 403","unverified","",""
"ezadmin:trustradius","07-ecommerce-ops","ezadmin","EZADMIN","kr","trustradius","https://www.ezadmin.co.kr/","세션 WebSearch 한도(200회) 소진으로 검색 불가, trustradius.com 직접 접속은 403","unverified","",""
"shoplinker:capterra","07-ecommerce-ops","shoplinker","Shoplinker","kr","capterra","https://www.shoplinker.co.kr/","세션 WebSearch 한도(200회) 소진으로 검색 불가, capterra.com 직접 접속은 Cloudflare 403","unverified","",""
"shoplinker:trustradius","07-ecommerce-ops","shoplinker","Shoplinker","kr","trustradius","https://www.shoplinker.co.kr/","세션 WebSearch 한도(200회) 소진으로 검색 불가, trustradius.com 직접 접속은 403","unverified","",""
"sellmate:capterra","07-ecommerce-ops","sellmate","Sellmate","kr","capterra","https://sellmate.io/","세션 WebSearch 한도(200회) 소진으로 검색 불가, capterra.com 직접 접속은 Cloudflare 403","unverified","",""
"sellmate:trustradius","07-ecommerce-ops","sellmate","Sellmate","kr","trustradius","https://sellmate.io/","세션 WebSearch 한도(200회) 소진으로 검색 불가, trustradius.com 직접 접속은 403","unverified","",""
"esellers:capterra","07-ecommerce-ops","esellers","eSellers","kr","capterra","https://www.esellers.co.kr/","세션 WebSearch 한도(200회) 소진으로 검색 불가, capterra.com 직접 접속은 Cloudflare 403","unverified","",""
"esellers:trustradius","07-ecommerce-ops","esellers","eSellers","kr","trustradius","https://www.esellers.co.kr/","세션 WebSearch 한도(200회) 소진으로 검색 불가, trustradius.com 직접 접속은 403","unverified","",""
"sweep:capterra","07-ecommerce-ops","sweep","Sweep","kr","capterra","https://www.sweepingoms.com/","세션 WebSearch 한도(200회) 소진으로 검색 불가, capterra.com 직접 접속은 Cloudflare 403","unverified","",""
"sweep:trustradius","07-ecommerce-ops","sweep","Sweep","kr","trustradius","https://www.sweepingoms.com/","세션 WebSearch 한도(200회) 소진으로 검색 불가, trustradius.com 직접 접속은 403","unverified","",""
"sello:capterra","07-ecommerce-ops","sello","Sello","kr","capterra","https://www.sello.co.kr/","세션 WebSearch 한도(200회) 소진으로 검색 불가, capterra.com 직접 접속은 Cloudflare 403","unverified","",""
"sello:trustradius","07-ecommerce-ops","sello","Sello","kr","trustradius","https://www.sello.co.kr/","세션 WebSearch 한도(200회) 소진으로 검색 불가, trustradius.com 직접 접속은 403","unverified","",""
"sellerbox:capterra","07-ecommerce-ops","sellerbox","Sellerbox","kr","capterra","확인 불가","세션 WebSearch 한도(200회) 소진으로 검색 불가, capterra.com 직접 접속은 Cloudflare 403","unverified","",""
"sellerbox:trustradius","07-ecommerce-ops","sellerbox","Sellerbox","kr","trustradius","확인 불가","세션 WebSearch 한도(200회) 소진으로 검색 불가, trustradius.com 직접 접속은 403","unverified","",""
"shopmoa:capterra","07-ecommerce-ops","shopmoa","Shopmoa","kr","capterra","https://www.shopmoa.kr/","세션 WebSearch 한도(200회) 소진으로 검색 불가, capterra.com 직접 접속은 Cloudflare 403","unverified","",""
"shopmoa:trustradius","07-ecommerce-ops","shopmoa","Shopmoa","kr","trustradius","https://www.shopmoa.kr/","세션 WebSearch 한도(200회) 소진으로 검색 불가, trustradius.com 직접 접속은 403","unverified","",""
"sellerhub:capterra","07-ecommerce-ops","sellerhub","Sellerhub","kr","capterra","https://www.sellerhub.co.kr/","세션 WebSearch 한도(200회) 소진으로 검색 불가, capterra.com 직접 접속은 Cloudflare 403","unverified","",""
"sellerhub:trustradius","07-ecommerce-ops","sellerhub","Sellerhub","kr","trustradius","https://www.sellerhub.co.kr/","세션 WebSearch 한도(200회) 소진으로 검색 불가, trustradius.com 직접 접속은 403","unverified","",""
"shopmine:capterra","07-ecommerce-ops","shopmine","Shopmine","kr","capterra","https://www.shopmine.co.kr/sm/","세션 WebSearch 한도(200회) 소진으로 검색 불가, capterra.com 직접 접속은 Cloudflare 403","unverified","",""
"shopmine:trustradius","07-ecommerce-ops","shopmine","Shopmine","kr","trustradius","https://www.shopmine.co.kr/sm/","세션 WebSearch 한도(200회) 소진으로 검색 불가, trustradius.com 직접 접속은 403","unverified","",""
"crema:capterra","07-ecommerce-ops","crema","CREMA","kr","capterra","https://www.cre.ma/","세션 WebSearch 한도(200회) 소진으로 검색 불가, capterra.com 직접 접속은 Cloudflare 403","unverified","",""
"crema:trustradius","07-ecommerce-ops","crema","CREMA","kr","trustradius","https://www.cre.ma/","세션 WebSearch 한도(200회) 소진으로 검색 불가, trustradius.com 직접 접속은 403","unverified","",""
"alpha-review:capterra","07-ecommerce-ops","alpha-review","Alpha Review","kr","capterra","https://alph.kr/","세션 WebSearch 한도(200회) 소진으로 검색 불가, capterra.com 직접 접속은 Cloudflare 403","unverified","",""
"alpha-review:trustradius","07-ecommerce-ops","alpha-review","Alpha Review","kr","trustradius","https://alph.kr/","세션 WebSearch 한도(200회) 소진으로 검색 불가, trustradius.com 직접 접속은 403","unverified","",""
"vreview:capterra","07-ecommerce-ops","vreview","VREVIEW","kr","capterra","https://vreview.tv/","세션 WebSearch 한도(200회) 소진으로 검색 불가, capterra.com 직접 접속은 Cloudflare 403","unverified","",""
"vreview:trustradius","07-ecommerce-ops","vreview","VREVIEW","kr","trustradius","https://vreview.tv/","세션 WebSearch 한도(200회) 소진으로 검색 불가, trustradius.com 직접 접속은 403","unverified","",""
"snapreview:capterra","07-ecommerce-ops","snapreview","SnapReview","kr","capterra","https://snapcompany.net/solution/snapreview/","세션 WebSearch 한도(200회) 소진으로 검색 불가, capterra.com 직접 접속은 Cloudflare 403","unverified","",""
"snapreview:trustradius","07-ecommerce-ops","snapreview","SnapReview","kr","trustradius","https://snapcompany.net/solution/snapreview/","세션 WebSearch 한도(200회) 소진으로 검색 불가, trustradius.com 직접 접속은 403","unverified","",""
"itemscout:capterra","07-ecommerce-ops","itemscout","Itemscout","kr","capterra","https://itemscout.io/","세션 WebSearch 한도(200회) 소진으로 검색 불가, capterra.com 직접 접속은 Cloudflare 403","unverified","",""
"itemscout:trustradius","07-ecommerce-ops","itemscout","Itemscout","kr","trustradius","https://itemscout.io/","세션 WebSearch 한도(200회) 소진으로 검색 불가, trustradius.com 직접 접속은 403","unverified","",""
"pandarank:capterra","07-ecommerce-ops","pandarank","Pandarank","kr","capterra","https://pandarank.net/","세션 WebSearch 한도(200회) 소진으로 검색 불가, capterra.com 직접 접속은 Cloudflare 403","unverified","",""
"pandarank:trustradius","07-ecommerce-ops","pandarank","Pandarank","kr","trustradius","https://pandarank.net/","세션 WebSearch 한도(200회) 소진으로 검색 불가, trustradius.com 직접 접속은 403","unverified","",""
"sellochomes:capterra","07-ecommerce-ops","sellochomes","Sellochomes","kr","capterra","https://sellochomes.co.kr/","세션 WebSearch 한도(200회) 소진으로 검색 불가, capterra.com 직접 접속은 Cloudflare 403","unverified","",""
"sellochomes:trustradius","07-ecommerce-ops","sellochomes","Sellochomes","kr","trustradius","https://sellochomes.co.kr/","세션 WebSearch 한도(200회) 소진으로 검색 불가, trustradius.com 직접 접속은 403","unverified","",""
"helpstore:capterra","07-ecommerce-ops","helpstore","Helpstore","kr","capterra","https://helpstore.shop/","세션 WebSearch 한도(200회) 소진으로 검색 불가, capterra.com 직접 접속은 Cloudflare 403","unverified","",""
"helpstore:trustradius","07-ecommerce-ops","helpstore","Helpstore","kr","trustradius","https://helpstore.shop/","세션 WebSearch 한도(200회) 소진으로 검색 불가, trustradius.com 직접 접속은 403","unverified","",""
"sellerbot-cash:capterra","07-ecommerce-ops","sellerbot-cash","Sellerbot Cash","kr","capterra","https://www.sellerbot.co.kr/","세션 WebSearch 한도(200회) 소진으로 검색 불가, capterra.com 직접 접속은 Cloudflare 403","unverified","",""
"sellerbot-cash:trustradius","07-ecommerce-ops","sellerbot-cash","Sellerbot Cash","kr","trustradius","https://www.sellerbot.co.kr/","세션 WebSearch 한도(200회) 소진으로 검색 불가, trustradius.com 직접 접속은 403","unverified","",""
"goodsflow:capterra","07-ecommerce-ops","goodsflow","Goodsflow","kr","capterra","https://www.goodsflow.com/","세션 WebSearch 한도(200회) 소진으로 검색 불가, capterra.com 직접 접속은 Cloudflare 403","unverified","",""
"goodsflow:trustradius","07-ecommerce-ops","goodsflow","Goodsflow","kr","trustradius","https://www.goodsflow.com/","세션 WebSearch 한도(200회) 소진으로 검색 불가, trustradius.com 직접 접속은 403","unverified","",""
"snappush:capterra","07-ecommerce-ops","snappush","SnapPush","kr","capterra","https://snappush.snapcompany.net/","세션 WebSearch 한도(200회) 소진으로 검색 불가, capterra.com 직접 접속은 Cloudflare 403","unverified","",""
"snappush:trustradius","07-ecommerce-ops","snappush","SnapPush","kr","trustradius","https://snappush.snapcompany.net/","세션 WebSearch 한도(200회) 소진으로 검색 불가, trustradius.com 직접 접속은 403","unverified","",""
"bigin:capterra","07-ecommerce-ops","bigin","Bigin","kr","capterra","https://bigin.io/","세션 WebSearch 한도(200회) 소진으로 검색 불가, capterra.com 직접 접속은 Cloudflare 403","unverified","",""
"bigin:trustradius","07-ecommerce-ops","bigin","Bigin","kr","trustradius","https://bigin.io/","세션 WebSearch 한도(200회) 소진으로 검색 불가, trustradius.com 직접 접속은 403","unverified","",""
"datarize:capterra","07-ecommerce-ops","datarize","Datarize","kr","capterra","https://www.datarize.ai/","세션 WebSearch 한도(200회) 소진으로 검색 불가, capterra.com 직접 접속은 Cloudflare 403","unverified","",""
"datarize:trustradius","07-ecommerce-ops","datarize","Datarize","kr","trustradius","https://www.datarize.ai/","세션 WebSearch 한도(200회) 소진으로 검색 불가, trustradius.com 직접 접속은 403","unverified","",""
"bigcell:capterra","07-ecommerce-ops","bigcell","BigCell","kr","capterra","https://bigcell.co.kr/","세션 WebSearch 한도(200회) 소진으로 검색 불가, capterra.com 직접 접속은 Cloudflare 403","unverified","",""
"bigcell:trustradius","07-ecommerce-ops","bigcell","BigCell","kr","trustradius","https://bigcell.co.kr/","세션 WebSearch 한도(200회) 소진으로 검색 불가, trustradius.com 직접 접속은 403","unverified","",""
"sellerking:capterra","07-ecommerce-ops","sellerking","Sellerking","kr","capterra","https://www.sellerking.io/","세션 WebSearch 한도(200회) 소진으로 검색 불가, capterra.com 직접 접속은 Cloudflare 403","unverified","",""
"sellerking:trustradius","07-ecommerce-ops","sellerking","Sellerking","kr","trustradius","https://www.sellerking.io/","세션 WebSearch 한도(200회) 소진으로 검색 불가, trustradius.com 직접 접속은 403","unverified","",""
"dashpanda:capterra","07-ecommerce-ops","dashpanda","DashPanda","kr","capterra","https://www.dashpanda.io/","세션 WebSearch 한도(200회) 소진으로 검색 불가, capterra.com 직접 접속은 Cloudflare 403","unverified","",""
"dashpanda:trustradius","07-ecommerce-ops","dashpanda","DashPanda","kr","trustradius","https://www.dashpanda.io/","세션 WebSearch 한도(200회) 소진으로 검색 불가, trustradius.com 직접 접속은 403","unverified","",""
